Model,SITE,공정번호(취합열),,2팀검사원,일신1차,Remark
GAD,/E104:ELEC,104,,104,104,현업 검토 요. 업체 미검토 Site
GAD,/I103:INST,103,,103,103,현업 검토 요. 업체 미검토 Site
GAD,/P102A:PP,102,,102,102,현업 검토 요. 업체 미검토 Site
GAD,/P102B:EQUI,102,,102,102,현업 검토 요. 업체 미검토 Site
GAD,/P102B:PIPESUPP,102,,102,102,현업 검토 요. 업체 미검토 Site
GAD,/P102B:PP,102,,102,102,현업 검토 요. 업체 미검토 Site
GAD,/P102B:PP_SB,102,,102,102,현업 검토 요. 업체 미검토 Site
GAD,/P103A:EQUI,103,,103,103,현업 검토 요. 업체 미검토 Site
GAD,/P103A:PIPESUPP,103,,103,103,현업 검토 요. 업체 미검토 Site
GAD,/P103A:PP,103,,103,103,현업 검토 요. 업체 미검토 Site
GAD,/P103A:PP_SB,103,,103,103,현업 검토 요. 업체 미검토 Site
GAD,/P103B:EQUI,103,,103,103,현업 검토 요. 업체 미검토 Site
GAD,/P103B:PIPESUPP,103,,103,103,현업 검토 요. 업체 미검토 Site
GAD,/P103B:PP,103,,103,103,현업 검토 요. 업체 미검토 Site
GAD,/P103B:PP_SB,103,,103,103,현업 검토 요. 업체 미검토 Site
GAD,/P103C:EQUI,103,,103,103,현업 검토 요. 업체 미검토 Site
GAD,/P103C:PIPESUPP,103,,103,103,현업 검토 요. 업체 미검토 Site
GAD,/P103C:PP,103,,103,103,현업 검토 요. 업체 미검토 Site
GAD,/P103C:PP_SB,103,,103,103,현업 검토 요. 업체 미검토 Site
GAD,/P103D:EQUI,103,,103,103,현업 검토 요. 업체 미검토 Site
GAD,/P103D:PIPESUPP,103,,103,103,현업 검토 요. 업체 미검토 Site
GAD,/P103D:PP,103,,103,103,현업 검토 요. 업체 미검토 Site
GAD,/P103D:PP_SB,103,,103,103,현업 검토 요. 업체 미검토 Site
GAD,/P104A:EQUI,104,,104,104,현업 검토 요. 업체 미검토 Site
GAD,/P104A:PIPESUPP,104,,104,104,현업 검토 요. 업체 미검토 Site
GAD,/P104A:PP,104,,104,104,현업 검토 요. 업체 미검토 Site
GAD,/P104A:PP_SB,104,,104,104,현업 검토 요. 업체 미검토 Site
GAD,/P104B:EQUI,104,,104,104,현업 검토 요. 업체 미검토 Site
GAD,/P104B:PIPESUPP,104,,104,104,현업 검토 요. 업체 미검토 Site
GAD,/P104B:PP,104,,104,104,현업 검토 요. 업체 미검토 Site
GAD,/P104B:PP_SB,104,,104,104,현업 검토 요. 업체 미검토 Site
GAD,/P105:EQUI,105,,105,105,현업 검토 요. 업체 미검토 Site
GAD,/P105:PIPE,105,,105,105,현업 검토 요. 업체 미검토 Site
GAD,/P105:SCAN,105,,105,105,현업 검토 요. 업체 미검토 Site
GAD,/P109:EQUI,109,,109,109,현업 검토 요. 업체 미검토 Site
GAD,/P109:PP,109,,109,109,현업 검토 요. 업체 미검토 Site
GNH,/1314_,공장외곽관로 임,,공장외곽관로 임,공장외곽관로 임,처리 방안 확인 필요(리뷰 미생성 / 특정공정 포함)
GNH,/ADMIN_SITE,DB TEST 목적으로 만들어진 SITE,,DB TEST 목적으로 만들어진 SITE,DB TEST 목적으로 만들어진 SITE,처리 방안 확인 필요(리뷰 미생성 / 특정공정 포함)
GNH,/CIVIL,716,,716,716,
GNH,/COG-DatumPoint,"712,720",,"712,720","712,720",
GNH,/DUCT,716,,716,716,
GNH,/DYPNF:EQUI,732,,732,732,
GNH,/DYPNF:INFO,732,,732,732,
GNH,/DYPNF:PEQUI,732,,732,732,
GNH,/DYPNF:PIPE,732,,732,732,
GNH,/DYPNF:PIPERACK,732,,732,732,
GNH,/E:GR100:MCOA1:ECONDUIT,712,,712,712,
GNH,/E:GR100:MCOA1:EEQUI,712,,712,712,
GNH,/E:GR100:MCOA2:ECONDUIT,712,,712,712,
GNH,/E:GR100:MCOA2:EEQUI,712,,712,712,
GNH,/E:GR100:MCOB1:ECONDUIT,712,,712,712,
GNH,/E:GR100:MCOB1:EEQUI,712,,712,712,
GNH,/E:GR100:MCOB2:ECONDUIT,712,,712,712,
GNH,/E:GR100:MCOB2:EEQUI,712,,712,712,
GNH,/E:GR100:MFURA:ECONDUIT,712,,712,712,
GNH,/E:GR100:MFURN1:ECONDUIT,712,,712,712,
GNH,/E:GR100:MFURN1:EEQUI,712,,712,712,
GNH,/E:GR100:MFURN2:ECONDUIT,712,,712,712,
GNH,/E:GR100:MFURN2:EEQUI,712,,712,712,
GNH,/E:GR100:MFURN3:ECONDUIT,712,,712,712,
GNH,/E:GR100:MFURN3:EEQUI,712,,712,712,
GNH,/E:GR100:MFURN4:ECONDUIT,712,,712,712,
GNH,/E:GR100:MFURN4:EEQUI,712,,712,712,
GNH,/E:GR100:MFURN5:ECONDUIT,712,,712,712,
GNH,/E:GR100:MFURN5:EEQUI,712,,712,712,
GNH,/E:GR100:MHOA1:ECONDUIT,712,,712,712,
GNH,/E:GR100:MHOA1:EEQUI,712,,712,712,
GNH,/E:GR100:MHOA2:ECONDUIT,712,,712,712,
GNH,/E:GR100:MHOA2:EEQUI,712,,712,712,
GNH,/E:GR100:MPHUA:ECONDUIT,712,,712,712,
GNH,/E:GR100:MPHUA:EEQUI,712,,712,712,
GNH,/E:GR100:MPRAA:ECONDUIT,712,,712,712,
GNH,/E:GR100:MPRAA:EEQUI,"712,714",,"712,714","712,714",
GNH,/E:GR100:MPRAB:ECONDUIT,712,,712,712,
GNH,/E:GR100:MPRAB:EEQUI,712,,712,712,
GNH,/E:GR100:MPRAC:EEQUI,712,,712,712,
GNH,/E:GR100:MPRAD:ECONDUIT,712,,712,712,
GNH,/E:GR100:MPRAD:EEQUI,712,,712,712,
GNH,/E:GR100:MPRAE:ECONDUIT,712,,712,712,
GNH,/E:GR100:MPRAE:EEQUI,712,,712,712,
GNH,/E:GR100:MPRAF:ECONDUIT,712,,712,712,
GNH,/E:GR100:MPRAF:EEQUI,712,,712,712,
GNH,/E:GR100:MPRAG:ECONDUIT,712,,712,712,
GNH,/E:GR100:MPRAG:EEQUI,"712,716",,"712,716","712,716",
GNH,/E:GR100:MPRAH:ECONDUIT,712,,712,712,
GNH,/E:GR100:MPRAH:EEQUI,712,,712,712,
GNH,/E:GR100:MPRAI:ECONDUIT,712,,712,712,
GNH,/E:GR100:MPRAI:EEQUI,712,,712,712,
GNH,/E:GR200:PEBAA:ECONDUIT,732,,732,732,
GNH,/E:GR200:PEPA1:ECONDUIT,732,,732,732,
GNH,/E:GR200:PEPA1:EEQUI,732,,732,732,
GNH,/E:GR200:PEPA1:ETRAY,732,,732,732,
GNH,/E:GR200:PEPA2:ECONDUIT,732,,732,732,
GNH,/E:GR200:PEPA2:EEQUI,732,,732,732,
GNH,/E:GR200:PEPA3:ECONDUIT,732,,732,732,
GNH,/E:GR200:PEPA3:EEQUI,732,,732,732,
GNH,/E:GR200:PEPA4:ECONDUIT,732,,732,732,
GNH,/E:GR200:PEPA4:EEQUI,732,,732,732,
GNH,/E:GR200:PEPA5:ECONDUIT,732,,732,732,
GNH,/E:GR200:PEPA5:EEQUI,732,,732,732,
GNH,/E:GR200:PEWHA:EEQUI,732,,732,732,
GNH,/E:GR200:PEWHA:EUG,732,,732,732,
GNH,/E:GR300:UAIRS:ECONDUIT,716,,716,716,
GNH,/E:GR300:UAIRS:EEQUI,"720,732",,"720,732","720,732",
GNH,/E:GR300:UCONS:ECONDUIT,716,,716,716,
GNH,/E:GR300:UCONS:EEQUI,"716,720",,"716,720","716,720",
GNH,/E:GR300:UCTMS:ECONDUIT,716,,716,716,
GNH,/E:GR300:UCTMS:EEQUI,"712,716",,"712,716","712,716",
GNH,/E:GR300:UCTPS:ECONDUIT,716,,716,716,
GNH,/E:GR300:UCTPS:EEQUI,"712,716,720",,"712,716,720","712,716,720",
GNH,/E:GR300:URWTK:ECONDUIT,716,,716,716,
GNH,/E:GR300:URWTK:EEQUI,"712,716,720,732",,"712,716,720,732","712,716,720,732",
GNH,/E:GR300:URWTS:ECONDUIT,716,,716,716,
GNH,/E:GR300:URWTS:EEQUI,"716,720",,"716,720","716,720",
GNH,/E:GR300:UWAOS:ECONDUIT,716,,716,716,
GNH,/E:GR300:UWWTK:ECONDUIT,716,,716,716,
GNH,/E:GR300:UWWTK:EEQUI,716,,716,716,
GNH,/E:GR300:UWWTS:ECONDUIT,716,,716,716,
GNH,/E:GR300:UWWTS:EEQUI,"716,720",,"716,720","716,720",
GNH,/E:GR300:UWWTS:ETRAY,716,,716,716,
GNH,/E:GR400:COPRC:ECONDUIT,716,,716,716,
GNH,/E:GR400:COPRC:EEQUI,"712,716,720",,"712,716,720","712,716,720",
GNH,/E:GR400:DBWTK:ECONDUIT,720,,720,720,
GNH,/E:GR400:DBWTK:EEQUI,732,,732,732,
GNH,/E:GR400:IFRTK:ECONDUIT,720,,720,720,
GNH,/E:GR400:IFRTK:EEQUI,"720,725",,"720,725","720,725",
GNH,/E:GR400:MPRCA:EEQUI,"720,725",,"720,725","720,725",
GNH,/E:GR400:OFLAS:ECONDUIT,720,,720,720,
GNH,/E:GR400:OFLAS:EEQUI,"712,720",,"712,720","712,720",
GNH,/E:GR400:OPRAA:ECONDUIT,720,,720,720,
GNH,/E:GR400:SCTKP:ECONDUIT,720,,720,720,
GNH,/E:GR400:SCTKP:EEQUI,"720,721,725",,"720,721,725","720,721,725",
GNH,/E:GR400:SPTKE:ECONDUIT,720,,720,720,
GNH,/E:GR400:SPTKE:EEQUI,"716,720,725,732",,"716,720,725,732","716,720,725,732",
GNH,/E:GR400:SPTKN:ECONDUIT,720,,720,720,
GNH,/E:GR400:SPTKN:EEQUI,"720,725",,"720,725","720,725",
GNH,/E:GR400:SPTKP:ECONDUIT,720,,720,720,
GNH,/E:GR400:SPTKP:EEQUI,"720,725",,"720,725","720,725",
GNH,/E:GR400:UTPRC:ECONDUIT,716,,716,716,
GNH,/E:GR400:UTPRC:EEQUI,"720,725",,"720,725","720,725",
GNH,/E:GR400:WHARF:EEQUI,"716,720",,"716,720","716,720",
GNH,/ELEC-PANEL,716,,716,716,
GNH,/EMBED-CPP,716,,716,716,
GNH,/EMBED-WWT,716,,716,716,
GNH,/EMBED-WWT-POND,716,,716,716,
GNH,/EQUI-CPP,716,,716,716,
GNH,/EQUI-WWT,716,,716,716,
GNH,/EXISTING,716,,716,716,
GNH,/I:GR100:MCOA1:IEQUI,712,,712,712,
GNH,/I:GR100:MCOA2:IEQUI,712,,712,712,
GNH,/I:GR100:MCOA2:ITRAY,712,,712,712,
GNH,/I:GR100:MCOB1:IEQUI,712,,712,712,
GNH,/I:GR100:MCOB2:IEQUI,712,,712,712,
GNH,/I:GR100:MCOB2:ITRAY,712,,712,712,
GNH,/I:GR100:MFURA:IEQUI,712,,712,712,
GNH,/I:GR100:MFURN1:IEQUI,712,,712,712,
GNH,/I:GR100:MFURN1:ITRAY,712,,712,712,
GNH,/I:GR100:MFURN2:IEQUI,712,,712,712,
GNH,/I:GR100:MFURN2:ITRAY,712,,712,712,
GNH,/I:GR100:MFURN3:IEQUI,712,,712,712,
GNH,/I:GR100:MFURN3:ITRAY,712,,712,712,
GNH,/I:GR100:MFURN4:IEQUI,712,,712,712,
GNH,/I:GR100:MFURN4:ITRAY,712,,712,712,
GNH,/I:GR100:MFURN5:IEQUI,712,,712,712,
GNH,/I:GR100:MFURN5:ITRAY,712,,712,712,
GNH,/I:GR100:MHOA1:IEQUI,712,,712,712,
GNH,/I:GR100:MHOA1:ITRAY,712,,712,712,
GNH,/I:GR100:MHOA2:IEQUI,712,,712,712,
GNH,/I:GR100:MP101:ITRAY,712,,712,712,
GNH,/I:GR100:MP102:ITRAY,712,,712,712,
GNH,/I:GR100:MP103:ITRAY,712,,712,712,
GNH,/I:GR100:MP104:ITRAY,712,,712,712,
GNH,/I:GR100:MPHUA:IEQUI,714,,714,714,
GNH,/I:GR100:MPRAA:IEQUI,712,,712,712,
GNH,/I:GR100:MPRAA:ITRAY,712,,712,712,
GNH,/I:GR100:MPRAB:IEQUI,712,,712,712,
GNH,/I:GR100:MPRAB:ITRAY,712,,712,712,
GNH,/I:GR100:MPRAC:ITRAY,712,,712,712,
GNH,/I:GR100:MPRAD:ITRAY,712,,712,712,
GNH,/I:GR100:MPRAE:ITRAY,712,,712,712,
GNH,/I:GR100:MPRAF:ITRAY,712,,712,712,
GNH,/I:GR100:MPRAG:ITRAY,712,,712,712,
GNH,/I:GR100:MPRAH:ITRAY,712,,712,712,
GNH,/I:GR100:MPRAI:ITRAY,712,,712,712,
GNH,/I:GR200:PEBAA:IEQUI,732,,732,732,
GNH,/I:GR200:PEBAA:ITRAY,732,,732,732,
GNH,/I:GR200:PEPA1:IEQUI,732,,732,732,
GNH,/I:GR200:PEPA1:ITRAY,732,,732,732,
GNH,/I:GR200:PEPA2:IEQUI,732,,732,732,
GNH,/I:GR200:PEPA2:ITRAY,732,,732,732,
GNH,/I:GR200:PEPA3:IEQUI,732,,732,732,
GNH,/I:GR200:PEPA3:ITRAY,732,,732,732,
GNH,/I:GR200:PEPA4:IEQUI,732,,732,732,
GNH,/I:GR200:PEPA4:ITRAY,732,,732,732,
GNH,/I:GR200:PEPA5:IEQUI,732,,732,732,
GNH,/I:GR200:PEPA5:ITRAY,732,,732,732,
GNH,/I:GR300:UAIRS:IEQUI,716,,716,716,
GNH,/I:GR300:UAIRS:ITRAY,716,,716,716,
GNH,/I:GR300:UCONS:IEQUI,716,,716,716,
GNH,/I:GR300:UCONS:ITRAY,716,,716,716,
GNH,/I:GR300:UCTMS:IEQUI,716,,716,716,
GNH,/I:GR300:UCTMS:ITRAY,716,,716,716,
GNH,/I:GR300:UCTPS:IEQUI,716,,716,716,
GNH,/I:GR300:UCTPS:ITRAY,716,,716,716,
GNH,/I:GR300:URTOS:ITRAY,716,,716,716,
GNH,/I:GR300:URWTK:IEQUI,716,,716,716,
GNH,/I:GR300:URWTK:ITRAY,716,,716,716,
GNH,/I:GR300:URWTS:ITRAY,716,,716,716,
GNH,/I:GR300:UWAOS:IEQUI,716,,716,716,
GNH,/I:GR300:UWAOS:ITRAY,716,,716,716,
GNH,/I:GR300:UWWTK:IEQUI,716,,716,716,
GNH,/I:GR300:UWWTK:ITRAY,716,,716,716,
GNH,/I:GR300:UWWTS:IEQUI,716,,716,716,
GNH,/I:GR300:UWWTS:ITRAY,716,,716,716,
GNH,/I:GR400:COPRC:IEQUI,721,,721,721,
GNH,/I:GR400:COPRC:ITRAY,721,,721,721,
GNH,/I:GR400:DBWTK:IEQUI,720,,720,720,
GNH,/I:GR400:DBWTK:ITRAY,"720,721",,"720,721","720,721",
GNH,/I:GR400:IFRTK:IEQUI,720,,720,720,
GNH,/I:GR400:IFRTK:ITRAY,"720,721",,"720,721","720,721",
GNH,/I:GR400:MPRCA:ITRAY,721,,721,721,
GNH,/I:GR400:OFLAS:IEQUI,720,,720,720,
GNH,/I:GR400:OFLAS:ITRAY,721,,721,721,
GNH,/I:GR400:OP101:ITRAY,721,,721,721,
GNH,/I:GR400:OP102:ITRAY,721,,721,721,
GNH,/I:GR400:OP103:ITRAY,721,,721,721,
GNH,/I:GR400:OP201:ITRAY,721,,721,721,
GNH,/I:GR400:OP202:ITRAY,721,,721,721,
GNH,/I:GR400:OP203:ITRAY,721,,721,721,
GNH,/I:GR400:OP204:ITRAY,721,,721,721,
GNH,/I:GR400:OP205:ITRAY,721,,721,721,
GNH,/I:GR400:OP301:ITRAY,721,,721,721,
GNH,/I:GR400:OP302:ITRAY,721,,721,721,
GNH,/I:GR400:OP303:ITRAY,721,,721,721,
GNH,/I:GR400:OP304:ITRAY,721,,721,721,
GNH,/I:GR400:OP305:ITRAY,721,,721,721,
GNH,/I:GR400:OP306:ITRAY,721,,721,721,
GNH,/I:GR400:OP307:ITRAY,721,,721,721,
GNH,/I:GR400:OP401:ITRAY,721,,721,721,
GNH,/I:GR400:OP402:ITRAY,721,,721,721,
GNH,/I:GR400:OP403:ITRAY,721,,721,721,
GNH,/I:GR400:OP404:ITRAY,721,,721,721,
GNH,/I:GR400:OP405:ITRAY,721,,721,721,
GNH,/I:GR400:OP406:ITRAY,721,,721,721,
GNH,/I:GR400:SCTKP:IEQUI,720,,720,720,
GNH,/I:GR400:SCTKP:ITRAY,"720,721",,"720,721","720,721",
GNH,/I:GR400:SPTKE:IEQUI,720,,720,720,
GNH,/I:GR400:SPTKE:ITRAY,"720,721",,"720,721","720,721",
GNH,/I:GR400:SPTKN:IEQUI,720,,720,720,
GNH,/I:GR400:SPTKN:ITRAY,"720,721",,"720,721","720,721",
GNH,/I:GR400:SPTKP:IEQUI,720,,720,720,
GNH,/I:GR400:SPTKP:ITRAY,"720,721",,"720,721","720,721",
GNH,/I:GR400:UTPRC:IEQUI,"712,716",,"712,716","712,716",
GNH,/I:GR400:UTPRC:ITRAY,721,,721,721,
GNH,/I:GR400:WHARF:IEQUI,724,,724,724,
GNH,/I:GR400:WHARF:ITRAY,721,,721,721,
GNH,/MFC_CIVIL,716,,716,716,
GNH,/MFC_EQ_SHOWER_1,716,,716,716,
GNH,/MFC_EQUIPMENT,716,,716,716,
GNH,/MFC_EQUIPMENT_ASSEM,716,,716,716,
GNH,/MFC_PIPING,716,,716,716,
GNH,/MFC_PIPING_UG_DIFFU,716,,716,716,
GNH,/MFC_PW_CIVIL,716,,716,716,
GNH,/MFC_PW_EQ,716,,716,716,
GNH,/MFC_PW_PIPE,716,,716,716,
GNH,/MFC_RACK,716,,716,716,
GNH,/MFC_RACK_SUPPORT,716,,716,716,
GNH,/MFC_SUPPORT,716,,716,716,
GNH,/MFC-REFERENCE,"712,714,716,",,"712,714,716,","712,714,716,",
GNH,/MFC-VendorPKG1,"712,714,721,732",,"712,714,721,732","712,714,721,732",
GNH,/MFC-VendorPKG2,"712,716,732",,"712,716,732","712,716,732",
GNH,/MFC-WAO,716,,716,716,
GNH,/P:GR100:FURN1:EQUI,712,,712,712,
GNH,/P:GR100:FURN1:PEQUI,712,,712,712,
GNH,/P:GR100:FURN1:PINFO,712,,712,712,
GNH,/P:GR100:FURN1:PIPE,712,,712,712,
GNH,/P:GR100:FURN1:PIPESUPP,712,,712,712,
GNH,/P:GR100:FURN2:EQUI,712,,712,712,
GNH,/P:GR100:FURN2:PEQUI,712,,712,712,
GNH,/P:GR100:FURN2:PINFO,712,,712,712,
GNH,/P:GR100:FURN2:PIPE,712,,712,712,
GNH,/P:GR100:FURN2:PIPESUPP,712,,712,712,
GNH,/P:GR100:FURN3:EQUI,712,,712,712,
GNH,/P:GR100:FURN3:PEQUI,712,,712,712,
GNH,/P:GR100:FURN3:PINFO,712,,712,712,
GNH,/P:GR100:FURN3:PIPE,712,,712,712,
GNH,/P:GR100:FURN3:PIPESUPP,712,,712,712,
GNH,/P:GR100:FURN4:EQUI,712,,712,712,
GNH,/P:GR100:FURN4:PEQUI,712,,712,712,
GNH,/P:GR100:FURN4:PINFO,712,,712,712,
GNH,/P:GR100:FURN4:PIPE,712,,712,712,
GNH,/P:GR100:FURN4:PIPESUPP,712,,712,712,
GNH,/P:GR100:FURN5:EQUI,712,,712,712,
GNH,/P:GR100:FURN5:PEQUI,712,,712,712,
GNH,/P:GR100:FURN5:PIPE,712,,712,712,
GNH,/P:GR100:FURN5:PIPESUPP,712,,712,712,
GNH,/P:GR100:MCOA1:EQUI,712,,712,712,
GNH,/P:GR100:MCOA1:PEQUI,712,,712,712,
GNH,/P:GR100:MCOA1:PINFO,712,,712,712,
GNH,/P:GR100:MCOA1:PIPE,"712,714",,"712,714","712,714",
GNH,/P:GR100:MCOA1:PIPEUG,712,,712,712,
GNH,/P:GR100:MCOA2:EQUI,712,,712,712,
GNH,/P:GR100:MCOA2:PEQUI,712,,712,712,
GNH,/P:GR100:MCOA2:PINFO,712,,712,712,
GNH,/P:GR100:MCOA2:PIPE,"712,714",,"712,714","712,714",
GNH,/P:GR100:MCOA2:PIPEUG,712,,712,712,
GNH,/P:GR100:MCOB1:EQUI,712,,712,712,
GNH,/P:GR100:MCOB1:ESTRU,712,,712,712,
GNH,/P:GR100:MCOB1:PEQUI,712,,712,712,
GNH,/P:GR100:MCOB1:PINFO,712,,712,712,
GNH,/P:GR100:MCOB1:PIPE,"712,714",,"712,714","712,714",
GNH,/P:GR100:MCOB1:PIPEUG,"712,714",,"712,714","712,714",
GNH,/P:GR100:MCOB2:EQUI,712,,712,712,
GNH,/P:GR100:MCOB2:ESTRU,712,,712,712,
GNH,/P:GR100:MCOB2:PEQUI,712,,712,712,
GNH,/P:GR100:MCOB2:PINFO,712,,712,712,
GNH,/P:GR100:MCOB2:PIPE,"712,714",,"712,714","712,714",
GNH,/P:GR100:MCOB2:PIPEUG,"712,714,716,",,"712,714,716,","712,714,716,",
GNH,/P:GR100:MFURA:EQUI,"712,721",,"712,721","712,721",
GNH,/P:GR100:MFURA:PEQUI,712,,712,712,
GNH,/P:GR100:MFURA:PINFO,712,,712,712,
GNH,/P:GR100:MFURA:PIPE,"712,714",,"712,714","712,714",
GNH,/P:GR100:MFURA:PIPESUPP,712,,712,712,
GNH,/P:GR100:MFURA:PIPEUG,"712,716",,"712,716","712,716",
GNH,/P:GR100:MHOA1:EQUI,712,,712,712,
GNH,/P:GR100:MHOA1:ESTRU,712,,712,712,
GNH,/P:GR100:MHOA1:PEQUI,712,,712,712,
GNH,/P:GR100:MHOA1:PINFO,712,,712,712,
GNH,/P:GR100:MHOA1:PIPE,712,,712,712,
GNH,/P:GR100:MHOA1:PIPEUG,712,,712,712,
GNH,/P:GR100:MHOA2:EQUI,712,,712,712,
GNH,/P:GR100:MHOA2:PEQUI,712,,712,712,
GNH,/P:GR100:MHOA2:PINFO,712,,712,712,
GNH,/P:GR100:MHOA2:PIPE,"621,712,714,",,"621,712,714,","621,712,714,",
GNH,/P:GR100:MHOA2:PIPESUPP,712,,712,712,
GNH,/P:GR100:MHOA2:PIPEUG,712,,712,712,
GNH,/P:GR100:MP101:PIPERACK,"712,714",,"712,714","712,714",
GNH,/P:GR100:MP101:PIPESUPP,712,,712,712,
GNH,/P:GR100:MP102:PIPERACK,712,,712,712,
GNH,/P:GR100:MP103:PIPERACK,712,,712,712,
GNH,/P:GR100:MP104:PIPERACK,712,,712,712,
GNH,/P:GR100:MPHUA:EQUI,714,,714,714,
GNH,/P:GR100:MPHUA:ESTRU,714,,714,714,
GNH,/P:GR100:MPHUA:PEQUI,714,,714,714,
GNH,/P:GR100:MPHUA:PINFO,714,,714,714,
GNH,/P:GR100:MPHUA:PIPE,"712,714",,"712,714","712,714",
GNH,/P:GR100:MPHUA:PIPEUG,"712,714",,"712,714","712,714",
GNH,/P:GR100:MPRAA:PIPERACK,"712,714",,"712,714","712,714",
GNH,/P:GR100:MPRAA:PIPESUPP,712,,712,712,
GNH,/P:GR100:MPRAB:PIPERACK,712,,712,712,
GNH,/P:GR100:MPRAC:PIPERACK,712,,712,712,
GNH,/P:GR100:MPRAD:PIPERACK,712,,712,712,
GNH,/P:GR100:MPRAE:PIPERACK,"712,714",,"712,714","712,714",
GNH,/P:GR100:MPRAF:PIPERACK,"712,714",,"712,714","712,714",
GNH,/P:GR100:MPRAF:PIPESUPP,712,,712,712,
GNH,/P:GR100:MPRAG:PIPERACK,"712,714",,"712,714","712,714",
GNH,/P:GR100:MPRAH:PIPERACK,712,,712,712,
GNH,/P:GR100:MPRAI:PIPERACK,"712,714",,"712,714","712,714",
GNH,/P:GR100:PIPERACK:EQUI,712,,712,712,
GNH,/P:GR100:PIPERACK:PEQUI,712,,712,712,
GNH,/P:GR100:PIPERACK:PINFO,712,,712,712,
GNH,/P:GR200:PEBAA:EQUI,732,,732,732,
GNH,/P:GR200:PEBAA:PEQUI,732,,732,732,
GNH,/P:GR200:PEBAA:PIPE,732,,732,732,
GNH,/P:GR200:PEBAA:PIPERACK,732,,732,732,
GNH,/P:GR200:PEPA1:EQUI,732,,732,732,
GNH,/P:GR200:PEPA1:PEQUI,732,,732,732,
GNH,/P:GR200:PEPA1:PINFO,"716,732",,"716,732","716,732",
GNH,/P:GR200:PEPA1:PIPE,732,,732,732,
GNH,/P:GR200:PEPA1:PIPERACK,732,,732,732,
GNH,/P:GR200:PEPA1:PIPEUG,"716,732",,"716,732","716,732",
GNH,/P:GR200:PEPA2:EQUI,732,,732,732,
GNH,/P:GR200:PEPA2:ESTRU,732,,732,732,
GNH,/P:GR200:PEPA2:PEQUI,732,,732,732,
GNH,/P:GR200:PEPA2:PINFO,732,,732,732,
GNH,/P:GR200:PEPA2:PIPE,"716,732",,"716,732","716,732",
GNH,/P:GR200:PEPA2:PIPERACK,732,,732,732,
GNH,/P:GR200:PEPA3:EQUI,732,,732,732,
GNH,/P:GR200:PEPA3:ESTRU,732,,732,732,
GNH,/P:GR200:PEPA3:PEQUI,732,,732,732,
GNH,/P:GR200:PEPA3:PINFO,732,,732,732,
GNH,/P:GR200:PEPA3:PIPE,732,,732,732,
GNH,/P:GR200:PEPA3:PIPERACK,"721,732",,"721,732","721,732",
GNH,/P:GR200:PEPA4:EQUI,732,,732,732,
GNH,/P:GR200:PEPA4:PEQUI,732,,732,732,
GNH,/P:GR200:PEPA4:PINFO,732,,732,732,
GNH,/P:GR200:PEPA4:PIPE,732,,732,732,
GNH,/P:GR200:PEPA4:PIPERACK,732,,732,732,
GNH,/P:GR200:PEPA5:EQUI,732,,732,732,
GNH,/P:GR200:PEPA5:PEQUI,732,,732,732,
GNH,/P:GR200:PEPA5:PIPE,732,,732,732,
GNH,/P:GR200:PEPA5:PIPERACK,732,,732,732,
GNH,/P:GR200:PEWHA:EQUI,732,,732,732,
GNH,/P:GR200:PEWHA:PINFO,732,,732,732,
GNH,/P:GR200:PEWHA:PIPE,732,,732,732,
GNH,/P:GR200:PPRAA:ESTRU,732,,732,732,
GNH,/P:GR300:UAIRS:EQUI,716,,716,716,
GNH,/P:GR300:UAIRS:PEQUI,716,,716,716,
GNH,/P:GR300:UAIRS:PINFO,716,,716,716,
GNH,/P:GR300:UAIRS:PIPE,716,,716,716,
GNH,/P:GR300:UAIRS:PIPERACK,716,,716,716,
GNH,/P:GR300:UAIRS:PIPEUG,716,,716,716,
GNH,/P:GR300:UCONS:EQUI,716,,716,716,
GNH,/P:GR300:UCONS:PEQUI,716,,716,716,
GNH,/P:GR300:UCONS:PINFO,716,,716,716,
GNH,/P:GR300:UCONS:PIPE,716,,716,716,
GNH,/P:GR300:UCONS:PIPERACK,716,,716,716,
GNH,/P:GR300:UCONS:PIPEUG,716,,716,716,
GNH,/P:GR300:UCTMS:EQUI,716,,716,716,
GNH,/P:GR300:UCTMS:PEQUI,716,,716,716,
GNH,/P:GR300:UCTMS:PINFO,716,,716,716,
GNH,/P:GR300:UCTMS:PIPE,716,,716,716,
GNH,/P:GR300:UCTMS:PIPERACK,716,,716,716,
GNH,/P:GR300:UCTMS:PIPEUG,716,,716,716,
GNH,/P:GR300:UCTPS:EQUI,716,,716,716,
GNH,/P:GR300:UCTPS:PEQUI,716,,716,716,
GNH,/P:GR300:UCTPS:PINFO,716,,716,716,
GNH,/P:GR300:UCTPS:PIPE,716,,716,716,
GNH,/P:GR300:UCTPS:PIPERACK,716,,716,716,
GNH,/P:GR300:UCTPS:PIPEUG,716,,716,716,
GNH,/P:GR300:URWTK:EQUI,716,,716,716,
GNH,/P:GR300:URWTK:PEQUI,716,,716,716,
GNH,/P:GR300:URWTK:PINFO,716,,716,716,
GNH,/P:GR300:URWTK:PIPE,716,,716,716,
GNH,/P:GR300:URWTK:PIPERACK,716,,716,716,
GNH,/P:GR300:URWTK:PIPEUG,716,,716,716,
GNH,/P:GR300:URWTS:EQUI,716,,716,716,
GNH,/P:GR300:URWTS:PEQUI,716,,716,716,
GNH,/P:GR300:URWTS:PIPE,716,,716,716,
GNH,/P:GR300:URWTS:PIPERACK,716,,716,716,
GNH,/P:GR300:URWTS:PIPEUG,716,,716,716,
GNH,/P:GR300:UWAOS:EQUI,716,,716,716,
GNH,/P:GR300:UWAOS:PEQUI,716,,716,716,
GNH,/P:GR300:UWAOS:PINFO,716,,716,716,
GNH,/P:GR300:UWAOS:PIPE,716,,716,716,
GNH,/P:GR300:UWAOS:PIPERACK,716,,716,716,
GNH,/P:GR300:UWAOS:PIPEUG,716,,716,716,
GNH,/P:GR300:UWWTK:EQUI,716,,716,716,
GNH,/P:GR300:UWWTK:PEQUI,"16,716",,"16,716","16,716",
GNH,/P:GR300:UWWTK:PINFO,716,,716,716,
GNH,/P:GR300:UWWTK:PIPE,716,,716,716,
GNH,/P:GR300:UWWTK:PIPERACK,716,,716,716,
GNH,/P:GR300:UWWTK:PIPEUG,716,,716,716,
GNH,/P:GR300:UWWTS:EQUI,716,,716,716,
GNH,/P:GR300:UWWTS:PEQUI,716,,716,716,
GNH,/P:GR300:UWWTS:PINFO,716,,716,716,
GNH,/P:GR300:UWWTS:PIPE,716,,716,716,
GNH,/P:GR300:UWWTS:PIPERACK,716,,716,716,
GNH,/P:GR300:UWWTS:PIPEUG,716,,716,716,
GNH,/P:GR400:COPRC:PIPERACK,"716,721",,"716,721","716,721",
GNH,/P:GR400:DBWTK:EQUI,"720,721,725,",,"720,721,725,","720,721,725,",
GNH,/P:GR400:DBWTK:ESTRU,720,,720,720,
GNH,/P:GR400:DBWTK:PEQUI,721,,721,721,
GNH,/P:GR400:DBWTK:PINFO,"720,721",,"720,721","720,721",
GNH,/P:GR400:DBWTK:PIPE,"720,721",,"720,721","720,721",
GNH,/P:GR400:DBWTK:PIPERACK,"720,721",,"720,721","720,721",
GNH,/P:GR400:DBWTK:PIPEUG,720,,720,720,
GNH,/P:GR400:IFRTK:EQUI,"720,721,725,",,"720,721,725,","720,721,725,",
GNH,/P:GR400:IFRTK:ESTRU,"720,721",,"720,721","720,721",
GNH,/P:GR400:IFRTK:PEQUI,"720,721",,"720,721","720,721",
GNH,/P:GR400:IFRTK:PINFO,"720,721",,"720,721","720,721",
GNH,/P:GR400:IFRTK:PIPE,"720,721",,"720,721","720,721",
GNH,/P:GR400:IFRTK:PIPERACK,"720,721",,"720,721","720,721",
GNH,/P:GR400:IFRTK:PIPEUG,"714,720",,"714,720","714,720",
GNH,/P:GR400:MPRCA:PIPERACK,"721,732",,"721,732","721,732",
GNH,/P:GR400:OFLAS:EQUI,"721,725",,"721,725","721,725",
GNH,/P:GR400:OFLAS:ESTRU,721,,721,721,
GNH,/P:GR400:OFLAS:PEQUI,721,,721,721,
GNH,/P:GR400:OFLAS:PINFO,"720,721",,"720,721","720,721",
GNH,/P:GR400:OFLAS:PIPE,"720,721",,"720,721","720,721",
GNH,/P:GR400:OFLAS:PIPERACK,"720,721",,"720,721","720,721",
GNH,/P:GR400:OFLAS:PIPEUG,721,,721,721,
GNH,/P:GR400:OP101:PIPERACK,721,,721,721,
GNH,/P:GR400:OP102:PIPERACK,721,,721,721,
GNH,/P:GR400:OP103:PIPERACK,"721,727",,"721,727","721,727",
GNH,/P:GR400:OP201:PIPERACK,721,,721,721,
GNH,/P:GR400:OP202:PIPERACK,721,,721,721,
GNH,/P:GR400:OP203:PIPERACK,721,,721,721,
GNH,/P:GR400:OP204:PIPERACK,721,,721,721,
GNH,/P:GR400:OP205:PIPERACK,721,,721,721,
GNH,/P:GR400:OP301:PIPERACK,721,,721,721,
GNH,/P:GR400:OP302:PIPERACK,721,,721,721,
GNH,/P:GR400:OP303:PIPERACK,721,,721,721,
GNH,/P:GR400:OP304:PIPERACK,"716,721",,"716,721","716,721",
GNH,/P:GR400:OP305:PIPERACK,"716,721",,"716,721","716,721",
GNH,/P:GR400:OP306:PIPERACK,"716,721",,"716,721","716,721",
GNH,/P:GR400:OP307:PIPERACK,721,,721,721,
GNH,/P:GR400:OP401:PIPERACK,"720,721",,"720,721","720,721",
GNH,/P:GR400:OP402:PIPERACK,"720,721",,"720,721","720,721",
GNH,/P:GR400:OP403:PIPERACK,"720,721",,"720,721","720,721",
GNH,/P:GR400:OP404:PIPERACK,721,,721,721,
GNH,/P:GR400:OP405:PIPERACK,721,,721,721,
GNH,/P:GR400:OP406:PIPERACK,"720,721",,"720,721","720,721",
GNH,/P:GR400:PIPERACK:ESTRU,721,,721,721,
GNH,/P:GR400:SCTKP:EQUI,"720,721,725,",,"720,721,725,","720,721,725,",
GNH,/P:GR400:SCTKP:ESTRU,"720,721",,"720,721","720,721",
GNH,/P:GR400:SCTKP:PEQUI,"720,721",,"720,721","720,721",
GNH,/P:GR400:SCTKP:PINFO,"720,721",,"720,721","720,721",
GNH,/P:GR400:SCTKP:PIPE,"720,721",,"720,721","720,721",
GNH,/P:GR400:SCTKP:PIPERACK,"720,721",,"720,721","720,721",
GNH,/P:GR400:SCTKP:PIPEUG,720,,720,720,
GNH,/P:GR400:SPTKE:EQUI,"720,721,725,",,"720,721,725,","720,721,725,",
GNH,/P:GR400:SPTKE:ESTRU,720,,720,720,
GNH,/P:GR400:SPTKE:PEQUI,"720,721",,"720,721","720,721",
GNH,/P:GR400:SPTKE:PINFO,"720,721",,"720,721","720,721",
GNH,/P:GR400:SPTKE:PIPE,"720,721",,"720,721","720,721",
GNH,/P:GR400:SPTKE:PIPERACK,"720,721",,"720,721","720,721",
GNH,/P:GR400:SPTKE:PIPEUG,720,,720,720,
GNH,/P:GR400:SPTKN:EQUI,"720,721,725,",,"720,721,725,","720,721,725,",
GNH,/P:GR400:SPTKN:ESTRU,"720,721",,"720,721","720,721",
GNH,/P:GR400:SPTKN:PEQUI,"720,721",,"720,721","720,721",
GNH,/P:GR400:SPTKN:PINFO,720,,720,720,
GNH,/P:GR400:SPTKN:PIPE,"720,721",,"720,721","720,721",
GNH,/P:GR400:SPTKN:PIPERACK,"720,721",,"720,721","720,721",
GNH,/P:GR400:SPTKN:PIPEUG,720,,720,720,
GNH,/P:GR400:SPTKP:EQUI,"720,721,725,",,"720,721,725,","720,721,725,",
GNH,/P:GR400:SPTKP:ESTRU,"720,721",,"720,721","720,721",
GNH,/P:GR400:SPTKP:PEQUI,"720,721",,"720,721","720,721",
GNH,/P:GR400:SPTKP:PINFO,"720,725",,"720,725","720,725",
GNH,/P:GR400:SPTKP:PIPE,"720,721",,"720,721","720,721",
GNH,/P:GR400:SPTKP:PIPERACK,"720,721",,"720,721","720,721",
GNH,/P:GR400:SPTKP:PIPEUG,720,,720,720,
GNH,/P:GR400:UTPRC:PIPERACK,"716,721",,"716,721","716,721",
GNH,/P:GR400:WHARF:EQUI,"721,724",,"721,724","721,724",
GNH,/P:GR400:WHARF:ESTRU,721,,721,721,
GNH,/P:GR400:WHARF:PEQUI,724,,724,724,
GNH,/P:GR400:WHARF:PINFO,721,,721,721,
GNH,/P:GR400:WHARF:PIPE,"721,724",,"721,724","721,724",
GNH,/P:GR400:WHARF:PIPERACK,"721,724",,"721,724","721,724",
GNH,/P:GR400:WHARF:PIPEUG,724,,724,724,
GNH,/P:GR500:HO:O2ICA:PIPERACK,721,,721,721,
GNH,/P:GR500:HO:O2TIA:EQUI,721,,721,721,
GNH,/P:GR500:HO:O2TIA:PIPE,721,,721,721,
GNH,/P:GR500:HO:O2TIA:PIPERACK,"621,721",,"621,721","621,721",
GNH,/P:GR500:HO:O2TIA:PIPEUG,620,,620,620,
GNH,/P:GR500:O2ICA:EQUI,"521,721",,"521,721","521,721",
GNH,/P:GR500:O2ICA:PIPERACK,"521,616,621,721",,"521,616,621,721","521,616,621,721",
GNH,/P:GR500:O2TIA:EQUI,"616,653,724,",,"616,653,724,","616,653,724,",
GNH,/P:GR500:O2TIA:PEQUI,"520,616,620,720",,"520,616,620,720","520,616,620,720",
GNH,/P:GR500:O2TIA:PINFO,"507,512,516,521",,"507,512,516,521","507,512,516,521",
GNH,/P:GR500:O2TIA:PIPE,"520,521,529,535",,"520,521,529,535","520,521,529,535",
GNH,/P:GR500:O2TIA:PIPERACK,"512,516,521,529",,"512,516,521,529","512,516,521,529",
GNH,/P:GR500:O2TIA:PIPEUG,616,,616,616,
GNH,/P:GR700:GSB03:PEQUI,720,,720,720,
GNH,/P:GR700:GSB03:PIPEUG,"720,732",,"720,732","720,732",
GNH,/P:GR700:RCB01:EQUI,"720,721",,"720,721","720,721",
GNH,/P:GR700:RCB01:PEQUI,720,,720,720,
GNH,/P:GR700:RCB01:PIPE,721,,721,721,
GNH,/P:GR700:RCB01:PIPEUG,732,,732,732,
GNH,/P:GR700:RCB07:EQUI,716,,716,716,
GNH,/P:GR700:RCB07:PEQUI,716,,716,716,
GNH,/P:GR700:RCB07:PIPE,721,,721,721,
GNH,/P:GR700:RCB07:PIPEUG,"716,721",,"716,721","716,721",
GNH,/PIPING-CPP,716,,716,716,
GNH,/PIPING-GS_SCOPE,716,,716,716,
GNH,/PIPING-HOLD,716,,716,716,
GNH,/PIPING-POND,716,,716,716,
GNH,/PIPING-WWT,716,,716,716,
GNH,/PKG:FURN:EQUI,712,,712,712,
GNH,/PKG:FURN:ESTRU,712,,712,712,
GNH,/PKG:FURN:PEQUI,712,,712,712,
GNH,/PKG:FURN:PIPE,712,,712,712,
GNH,/S:GR100:MCOA1:PIPEAG,712,,712,712,
GNH,/S:GR100:MCOA1:PIPEUG,712,,712,712,
GNH,/S:GR100:MCOA2:PIPEAG,712,,712,712,
GNH,/S:GR100:MCOA2:PIPEUG,712,,712,712,
GNH,/S:GR100:MCOB1:PIPEAG,712,,712,712,
GNH,/S:GR100:MCOB1:PIPEUG,712,,712,712,
GNH,/S:GR100:MCOB2:PIPEAG,712,,712,712,
GNH,/S:GR100:MCOB2:PIPEUG,712,,712,712,
GNH,/S:GR100:MFURA:PIPEAG,712,,712,712,
GNH,/S:GR100:MFURA:PIPEUG,712,,712,712,
GNH,/S:GR100:MHOA1:PIPEAG,712,,712,712,
GNH,/S:GR100:MHOA1:PIPEUG,712,,712,712,
GNH,/S:GR100:MHOA2:PIPEAG,712,,712,712,
GNH,/S:GR100:MHOA2:PIPEUG,712,,712,712,
GNH,/S:GR100:MPHUA:PIPEAG,714,,714,714,
GNH,/S:GR100:MPHUA:PIPEUG,"712,714",,"712,714","712,714",
GNH,/S:GR200:PPRAA:PIPEAG,732,,732,732,
GNH,/S:GR200:PPRAA:PIPEUG,732,,732,732,
GNH,/S:GR300:UAIRS:PIPEAG,716,,716,716,
GNH,/S:GR300:UCONS:PIPEAG,716,,716,716,
GNH,/S:GR300:UCONS:PIPEUG,716,,716,716,
GNH,/S:GR300:UCTMS:PIPEAG,716,,716,716,
GNH,/S:GR300:UCTMS:PIPEUG,716,,716,716,
GNH,/S:GR300:UCTPS:PIPEAG,716,,716,716,
GNH,/S:GR300:UCTPS:PIPEUG,716,,716,716,
GNH,/S:GR300:URTOS:PIPEAG,716,,716,716,
GNH,/S:GR300:URTOS:PIPEUG,716,,716,716,
GNH,/S:GR300:URWTK:PIPEAG,716,,716,716,
GNH,/S:GR300:URWTK:PIPEUG,716,,716,716,
GNH,/S:GR300:URWTS:PIPEAG,716,,716,716,
GNH,/S:GR300:URWTS:PIPEUG,716,,716,716,
GNH,/S:GR300:UTPRA:CIVIL,716,,716,716,
GNH,/S:GR300:UWAOS:PIPEAG,716,,716,716,
GNH,/S:GR300:UWAOS:PIPEUG,716,,716,716,
GNH,/S:GR300:UWWTK:PIPEAG,716,,716,716,
GNH,/S:GR300:UWWTK:PIPEUG,716,,716,716,
GNH,/S:GR300:UWWTS:PIPEAG,716,,716,716,
GNH,/S:GR300:UWWTS:PIPEUG,716,,716,716,
GNH,/S:GR400:DBWTK:PIPEAG,"720,721",,"720,721","720,721",
GNH,/S:GR400:DBWTK:PIPEUG,"720,721",,"720,721","720,721",
GNH,/S:GR400:IFRTK:PIPEAG,721,,721,721,
GNH,/S:GR400:IFRTK:PIPEUG,"720,721",,"720,721","720,721",
GNH,/S:GR400:OFLAS:PIPEUG,"720,721",,"720,721","720,721",
GNH,/S:GR400:SCTKP:PIPEAG,"720,721",,"720,721","720,721",
GNH,/S:GR400:SCTKP:PIPEUG,"720,721",,"720,721","720,721",
GNH,/S:GR400:SPTKE:PIPEAG,"720,721",,"720,721","720,721",
GNH,/S:GR400:SPTKE:PIPEUG,"720,721",,"720,721","720,721",
GNH,/S:GR400:SPTKN:PIPEUG,720,,720,720,
GNH,/S:GR400:SPTKP:PIPEUG,"720,721",,"720,721","720,721",
GNH,/S:GR400:WHARF:PIPEUG,"721,724",,"721,724","721,724",
GNH,/S:GR700:RCB01:PIPEUG,720,,720,720,
GNH,/SLEEVE,716,,716,716,
GNH,/SM_CRANE,CRANE TRUCK,,CRANE TRUCK,CRANE TRUCK,처리 방안 확인 필요(리뷰 미생성 / 특정공정 포함)
GNH,/TEST,TEST 용 SITE 임,,TEST 용 SITE 임,TEST 용 SITE 임,처리 방안 확인 필요(리뷰 미생성 / 특정공정 포함)
GNH,/TEST-SITE,TEST 용 SITE 임,,TEST 용 SITE 임,TEST 용 SITE 임,처리 방안 확인 필요(리뷰 미생성 / 특정공정 포함)
GSA,/062UNIT-PSUPT-POINT,62,,62,62,
GSA,/062UNIT-STUDY,62,,62,62,
GSA,/116UNIT-GTG_NO3-FIRE,116,,116,116,
GSA,/116UNIT-GTG-EQUI,116,,116,116,
GSA,/116UNIT-GTG-EQUI_DELETE,116,,116,116,
GSA,/116UNIT-GTG-EQUI-RE,116,,116,116,
GSA,/116UNIT-GTG-STRU,116,,116,116,
GSA,/116UNIT-GTG-STRU-DELETE,116,,116,116,
GSA,/116UNIT-HRSG_PIPERACK,116,,116,116,
GSA,/116UNIT-HRSG-EQUI,116,,116,116,
GSA,/116UNIT-OTHER-EQUI,116,,116,116,
GSA,/ESR-PROJECT-HOLD,1공장 ALL ESR 공사 임(ALL AREA),,1공장 ALL ESR 공사 임(ALL AREA),1공장 ALL ESR 공사 임(ALL AREA),처리 방안 확인 필요(리뷰 미생성 / 특정공정 포함)
GSA,/ESR-PROJECT-ING,1공장 ALL ESR 공사 임(ALL AREA),,1공장 ALL ESR 공사 임(ALL AREA),1공장 ALL ESR 공사 임(ALL AREA),처리 방안 확인 필요(리뷰 미생성 / 특정공정 포함)
GSA,/ESR-PROJECT-OK,1공장 ALL ESR 공사 임(ALL AREA),,1공장 ALL ESR 공사 임(ALL AREA),1공장 ALL ESR 공사 임(ALL AREA),처리 방안 확인 필요(리뷰 미생성 / 특정공정 포함)
GSA,/STUDY,TEST 용 SITE 임,,TEST 용 SITE 임,TEST 용 SITE 임,처리 방안 확인 필요(리뷰 미생성 / 특정공정 포함)
GSA,/동력공정-116UNIT-CIVIL,116,,116,116,
GSA,/동력공정-116UNIT-ELEC,116,,116,116,
GSA,/동력공정-116UNIT-NO.2_GE.,116,,116,116,
GSA,/동력공정-116UNIT-NO.2_GE_ADDED,116,,116,116,
GSA,/동력공정-116UNIT-NO.2_GE_DELETED,116,,116,116,
GSA,/동력공정-116UNIT-NO.3_GE.,116,,116,116,
GSA,/동력공정-116UNIT-NO.3_GE_ADDED,116,,116,116,
GSA,/동력공정-116UNIT-NO.3_GE_DELETED,116,,116,116,
GSA,/방향족1공정-103UNIT-CIVIL,103,,103,103,
GSA,/방향족1공정-103UNIT-EQUI,103,,103,103,
GSA,/방향족1공정-103UNIT-PIPE,103,,103,103,
GSA,/방향족1공정-103UNIT-PIPESUPP,103,,103,103,
GSA,/방향족1공정-105UNIT-EQUI,105,,105,105,
GSA,/방향족2공정-201UNIT-CIVIL,201,,201,201,
GSA,/방향족2공정-201UNIT-EQUI,201,,201,201,
GSA,/방향족2공정-202UNIT-CIVIL,202,,202,202,
GSA,/방향족2공정-202UNIT-EQUI,202,,202,202,
GSA,/방향족2공정-202UNIT-INST,202,,202,202,
GSA,/방향족2공정-202UNIT-PIPESUPP,202,,202,202,
GSA,/방향족2공정-203UNIT:SCAN,203,,203,203,
GSA,/방향족2공정-203UNIT-ELEC,203,,203,203,
GSA,/방향족2공정-203UNIT-EQUI,203,,203,203,
GSA,/방향족2공정-203UNIT-INST,203,,203,203,
GSA,/방향족2공정-203UNIT-STRU,203,,203,203,
GSA,/방향족2공정-204UNIT-ELEC,204,,204,204,
GSA,/방향족2공정-204UNIT-EQUI,204,,204,204,
GSA,/방향족2공정-204UNIT-STRU,204,,204,204,
GSA,/방향족2공정-205UNIT-ELEC,205,,205,205,
GSA,/방향족2공정-205UNIT-EQUI,205,,205,205,
GSA,/방향족2공정-205UNIT-INST,205,,205,205,
GSA,/방향족2공정-209UNIT-EQUI,209,,209,209,
GSA,/방향족2공정-209UNIT-INST,209,,209,209,
GSA,/방향족2공정-210UNIT-ELEC,210,,210,210,
GSA,/방향족2공정-210UNIT-EQUI,210,,210,210,
GSA,/방향족2공정-210UNIT-STRU,210,,210,210,
GSA,/정유2공정-052UNIT-CIVIL,52,,52,52,
GSA,/정유2공정-052UNIT-ELEC,52,,52,52,
GSA,/정유2공정-052UNIT-EQUI,52,,52,52,
GSA,/정유2공정-052UNIT-INST,52,,52,52,
GSA,/정유2공정-052UNIT-OTHER,52,,52,52,
GSA,/정유2공정-052UNIT-SCAN,52,,52,52,
GSA,/정유2공정-053UNIT-CIVIL,53,,53,53,
GSA,/정유2공정-053UNIT-EQUI,53,,53,53,
GSA,/정유2공정-056UNIT-INST,56,,56,56,
GSA,/정유2공정-056UNIT-OTHER,56,,56,56,
GSA,/정유3공정-062UNIT-CIVIL,62,,62,62,
GSA,/정유3공정-062UNIT-ELEC,62,,62,62,
GSA,/정유3공정-062UNIT-EQUI,62,,62,62,
GSA,/정유3공정-062UNIT-INST,62,,62,62,
GSA,/정유3공정-062UNIT-OTHER,62,,62,62,
GSA,/정유3공정-062UNIT-PIPE,62,,62,62,
GSA,/정유3공정-062UNIT-SCAN,62,,62,62,
GSA,/정유3공정-062UNIT-STRU,62,,62,62,
GSA,/정유4공정-72UNIT-EQUI,72,,72,72,
GSA,/정유탈황공정-05UNIT-CIVIL,5,,5,5,
GSA,/정유탈황공정-05UNIT-EQUI,5,,5,5,
GSO,/1001_,"리뷰 생성 중복 시 GSO는 우선순위 최후순위. 
오프사이트 모델은 공정모델과 별도 활용 검토 필요",,,,"구별 불가 시, 1공장 Offsite는 GSO 통합 리뷰 생성 = 부식관리 Only"
GSO,/1002_,"리뷰 생성 중복 시 GSO는 우선순위 최후순위. 
오프사이트 모델은 공정모델과 별도 활용 검토 필요",,,,"구별 불가 시, 1공장 Offsite는 GSO 통합 리뷰 생성 = 부식관리 Only"
GSO,/1003_,"리뷰 생성 중복 시 GSO는 우선순위 최후순위. 
오프사이트 모델은 공정모델과 별도 활용 검토 필요",,,,"구별 불가 시, 1공장 Offsite는 GSO 통합 리뷰 생성 = 부식관리 Only"
GSO,/1004_,"리뷰 생성 중복 시 GSO는 우선순위 최후순위. 
오프사이트 모델은 공정모델과 별도 활용 검토 필요",,,,"구별 불가 시, 1공장 Offsite는 GSO 통합 리뷰 생성 = 부식관리 Only"
GSO,/1005_,"리뷰 생성 중복 시 GSO는 우선순위 최후순위. 
오프사이트 모델은 공정모델과 별도 활용 검토 필요",,,,"구별 불가 시, 1공장 Offsite는 GSO 통합 리뷰 생성 = 부식관리 Only"
GSO,/1006_,"리뷰 생성 중복 시 GSO는 우선순위 최후순위. 
오프사이트 모델은 공정모델과 별도 활용 검토 필요",,,,"구별 불가 시, 1공장 Offsite는 GSO 통합 리뷰 생성 = 부식관리 Only"
GSO,/1007_,"리뷰 생성 중복 시 GSO는 우선순위 최후순위. 
오프사이트 모델은 공정모델과 별도 활용 검토 필요",,,,"구별 불가 시, 1공장 Offsite는 GSO 통합 리뷰 생성 = 부식관리 Only"
GSO,/1008_,"리뷰 생성 중복 시 GSO는 우선순위 최후순위. 
오프사이트 모델은 공정모델과 별도 활용 검토 필요",,,,"구별 불가 시, 1공장 Offsite는 GSO 통합 리뷰 생성 = 부식관리 Only"
GSO,/1009_,"리뷰 생성 중복 시 GSO는 우선순위 최후순위. 
오프사이트 모델은 공정모델과 별도 활용 검토 필요",,,,"구별 불가 시, 1공장 Offsite는 GSO 통합 리뷰 생성 = 부식관리 Only"
GSO,/1010_,"리뷰 생성 중복 시 GSO는 우선순위 최후순위. 
오프사이트 모델은 공정모델과 별도 활용 검토 필요",,,,"구별 불가 시, 1공장 Offsite는 GSO 통합 리뷰 생성 = 부식관리 Only"
GSO,/1011_,"리뷰 생성 중복 시 GSO는 우선순위 최후순위. 
오프사이트 모델은 공정모델과 별도 활용 검토 필요",,,,"구별 불가 시, 1공장 Offsite는 GSO 통합 리뷰 생성 = 부식관리 Only"
GSO,/1012_,"리뷰 생성 중복 시 GSO는 우선순위 최후순위. 
오프사이트 모델은 공정모델과 별도 활용 검토 필요",,,,"구별 불가 시, 1공장 Offsite는 GSO 통합 리뷰 생성 = 부식관리 Only"
GSO,/1013_,"리뷰 생성 중복 시 GSO는 우선순위 최후순위. 
오프사이트 모델은 공정모델과 별도 활용 검토 필요",,,,"구별 불가 시, 1공장 Offsite는 GSO 통합 리뷰 생성 = 부식관리 Only"
GSO,/1014_,"리뷰 생성 중복 시 GSO는 우선순위 최후순위. 
오프사이트 모델은 공정모델과 별도 활용 검토 필요",,,,"구별 불가 시, 1공장 Offsite는 GSO 통합 리뷰 생성 = 부식관리 Only"
GSO,/1015_,"리뷰 생성 중복 시 GSO는 우선순위 최후순위. 
오프사이트 모델은 공정모델과 별도 활용 검토 필요",,,,"구별 불가 시, 1공장 Offsite는 GSO 통합 리뷰 생성 = 부식관리 Only"
GSO,/1016_,"리뷰 생성 중복 시 GSO는 우선순위 최후순위. 
오프사이트 모델은 공정모델과 별도 활용 검토 필요",,,,"구별 불가 시, 1공장 Offsite는 GSO 통합 리뷰 생성 = 부식관리 Only"
GSO,/1017_,"리뷰 생성 중복 시 GSO는 우선순위 최후순위. 
오프사이트 모델은 공정모델과 별도 활용 검토 필요",,,,"구별 불가 시, 1공장 Offsite는 GSO 통합 리뷰 생성 = 부식관리 Only"
GSO,/1018_,"리뷰 생성 중복 시 GSO는 우선순위 최후순위. 
오프사이트 모델은 공정모델과 별도 활용 검토 필요",,,,"구별 불가 시, 1공장 Offsite는 GSO 통합 리뷰 생성 = 부식관리 Only"
GSO,/1019_,"리뷰 생성 중복 시 GSO는 우선순위 최후순위. 
오프사이트 모델은 공정모델과 별도 활용 검토 필요",,,,"구별 불가 시, 1공장 Offsite는 GSO 통합 리뷰 생성 = 부식관리 Only"
GSO,/1020_,"리뷰 생성 중복 시 GSO는 우선순위 최후순위. 
오프사이트 모델은 공정모델과 별도 활용 검토 필요",,,,"구별 불가 시, 1공장 Offsite는 GSO 통합 리뷰 생성 = 부식관리 Only"
GSO,/1021_,"리뷰 생성 중복 시 GSO는 우선순위 최후순위. 
오프사이트 모델은 공정모델과 별도 활용 검토 필요",,,,"구별 불가 시, 1공장 Offsite는 GSO 통합 리뷰 생성 = 부식관리 Only"
GSO,/1022_,"리뷰 생성 중복 시 GSO는 우선순위 최후순위. 
오프사이트 모델은 공정모델과 별도 활용 검토 필요",,,,"구별 불가 시, 1공장 Offsite는 GSO 통합 리뷰 생성 = 부식관리 Only"
GSO,/1023_,"리뷰 생성 중복 시 GSO는 우선순위 최후순위. 
오프사이트 모델은 공정모델과 별도 활용 검토 필요",,,,"구별 불가 시, 1공장 Offsite는 GSO 통합 리뷰 생성 = 부식관리 Only"
GSO,/1024_,"리뷰 생성 중복 시 GSO는 우선순위 최후순위. 
오프사이트 모델은 공정모델과 별도 활용 검토 필요",,,,"구별 불가 시, 1공장 Offsite는 GSO 통합 리뷰 생성 = 부식관리 Only"
GSO,/1025_,"리뷰 생성 중복 시 GSO는 우선순위 최후순위. 
오프사이트 모델은 공정모델과 별도 활용 검토 필요",,,,"구별 불가 시, 1공장 Offsite는 GSO 통합 리뷰 생성 = 부식관리 Only"
GSO,/1026_,"리뷰 생성 중복 시 GSO는 우선순위 최후순위. 
오프사이트 모델은 공정모델과 별도 활용 검토 필요",,,,"구별 불가 시, 1공장 Offsite는 GSO 통합 리뷰 생성 = 부식관리 Only"
GSO,/1028_,"리뷰 생성 중복 시 GSO는 우선순위 최후순위. 
오프사이트 모델은 공정모델과 별도 활용 검토 필요",,,,"구별 불가 시, 1공장 Offsite는 GSO 통합 리뷰 생성 = 부식관리 Only"
GSO,/1101_,"리뷰 생성 중복 시 GSO는 우선순위 최후순위. 
오프사이트 모델은 공정모델과 별도 활용 검토 필요",,,,"구별 불가 시, 1공장 Offsite는 GSO 통합 리뷰 생성 = 부식관리 Only"
GSO,/1102_,"리뷰 생성 중복 시 GSO는 우선순위 최후순위. 
오프사이트 모델은 공정모델과 별도 활용 검토 필요",,,,"구별 불가 시, 1공장 Offsite는 GSO 통합 리뷰 생성 = 부식관리 Only"
GSO,/1103_,"리뷰 생성 중복 시 GSO는 우선순위 최후순위. 
오프사이트 모델은 공정모델과 별도 활용 검토 필요",,,,"구별 불가 시, 1공장 Offsite는 GSO 통합 리뷰 생성 = 부식관리 Only"
GSO,/1104_,"리뷰 생성 중복 시 GSO는 우선순위 최후순위. 
오프사이트 모델은 공정모델과 별도 활용 검토 필요",,,,"구별 불가 시, 1공장 Offsite는 GSO 통합 리뷰 생성 = 부식관리 Only"
GSO,/1105_,"리뷰 생성 중복 시 GSO는 우선순위 최후순위. 
오프사이트 모델은 공정모델과 별도 활용 검토 필요",,,,"구별 불가 시, 1공장 Offsite는 GSO 통합 리뷰 생성 = 부식관리 Only"
GSO,/1106_,"리뷰 생성 중복 시 GSO는 우선순위 최후순위. 
오프사이트 모델은 공정모델과 별도 활용 검토 필요",,,,"구별 불가 시, 1공장 Offsite는 GSO 통합 리뷰 생성 = 부식관리 Only"
GSO,/1107_,"리뷰 생성 중복 시 GSO는 우선순위 최후순위. 
오프사이트 모델은 공정모델과 별도 활용 검토 필요",,,,"구별 불가 시, 1공장 Offsite는 GSO 통합 리뷰 생성 = 부식관리 Only"
GSO,/1108_,"리뷰 생성 중복 시 GSO는 우선순위 최후순위. 
오프사이트 모델은 공정모델과 별도 활용 검토 필요",,,,"구별 불가 시, 1공장 Offsite는 GSO 통합 리뷰 생성 = 부식관리 Only"
GSO,/1109_,"리뷰 생성 중복 시 GSO는 우선순위 최후순위. 
오프사이트 모델은 공정모델과 별도 활용 검토 필요",,,,"구별 불가 시, 1공장 Offsite는 GSO 통합 리뷰 생성 = 부식관리 Only"
GSO,/1110_,"리뷰 생성 중복 시 GSO는 우선순위 최후순위. 
오프사이트 모델은 공정모델과 별도 활용 검토 필요",,,,"구별 불가 시, 1공장 Offsite는 GSO 통합 리뷰 생성 = 부식관리 Only"
GSO,/1111_,"리뷰 생성 중복 시 GSO는 우선순위 최후순위. 
오프사이트 모델은 공정모델과 별도 활용 검토 필요",,,,"구별 불가 시, 1공장 Offsite는 GSO 통합 리뷰 생성 = 부식관리 Only"
GSO,/1113_,"리뷰 생성 중복 시 GSO는 우선순위 최후순위. 
오프사이트 모델은 공정모델과 별도 활용 검토 필요",,,,"구별 불가 시, 1공장 Offsite는 GSO 통합 리뷰 생성 = 부식관리 Only"
GSO,/1114_,"리뷰 생성 중복 시 GSO는 우선순위 최후순위. 
오프사이트 모델은 공정모델과 별도 활용 검토 필요",,,,"구별 불가 시, 1공장 Offsite는 GSO 통합 리뷰 생성 = 부식관리 Only"
GSO,/1115_,"리뷰 생성 중복 시 GSO는 우선순위 최후순위. 
오프사이트 모델은 공정모델과 별도 활용 검토 필요",,,,"구별 불가 시, 1공장 Offsite는 GSO 통합 리뷰 생성 = 부식관리 Only"
GSO,/1201_,"리뷰 생성 중복 시 GSO는 우선순위 최후순위. 
오프사이트 모델은 공정모델과 별도 활용 검토 필요",,,,"구별 불가 시, 1공장 Offsite는 GSO 통합 리뷰 생성 = 부식관리 Only"
GSO,/1202_,"리뷰 생성 중복 시 GSO는 우선순위 최후순위. 
오프사이트 모델은 공정모델과 별도 활용 검토 필요",,,,"구별 불가 시, 1공장 Offsite는 GSO 통합 리뷰 생성 = 부식관리 Only"
GSO,/1203_,"리뷰 생성 중복 시 GSO는 우선순위 최후순위. 
오프사이트 모델은 공정모델과 별도 활용 검토 필요",,,,"구별 불가 시, 1공장 Offsite는 GSO 통합 리뷰 생성 = 부식관리 Only"
GSO,/1204_,"리뷰 생성 중복 시 GSO는 우선순위 최후순위. 
오프사이트 모델은 공정모델과 별도 활용 검토 필요",,,,"구별 불가 시, 1공장 Offsite는 GSO 통합 리뷰 생성 = 부식관리 Only"
GSO,/1206_,"리뷰 생성 중복 시 GSO는 우선순위 최후순위. 
오프사이트 모델은 공정모델과 별도 활용 검토 필요",,,,"구별 불가 시, 1공장 Offsite는 GSO 통합 리뷰 생성 = 부식관리 Only"
GSO,/1207_,"리뷰 생성 중복 시 GSO는 우선순위 최후순위. 
오프사이트 모델은 공정모델과 별도 활용 검토 필요",,,,"구별 불가 시, 1공장 Offsite는 GSO 통합 리뷰 생성 = 부식관리 Only"
GSO,/1208_,"리뷰 생성 중복 시 GSO는 우선순위 최후순위. 
오프사이트 모델은 공정모델과 별도 활용 검토 필요",,,,"구별 불가 시, 1공장 Offsite는 GSO 통합 리뷰 생성 = 부식관리 Only"
GSO,/1209_,"리뷰 생성 중복 시 GSO는 우선순위 최후순위. 
오프사이트 모델은 공정모델과 별도 활용 검토 필요",,,,"구별 불가 시, 1공장 Offsite는 GSO 통합 리뷰 생성 = 부식관리 Only"
GSO,/1210_,"리뷰 생성 중복 시 GSO는 우선순위 최후순위. 
오프사이트 모델은 공정모델과 별도 활용 검토 필요",,,,"구별 불가 시, 1공장 Offsite는 GSO 통합 리뷰 생성 = 부식관리 Only"
GSO,/1211_,"리뷰 생성 중복 시 GSO는 우선순위 최후순위. 
오프사이트 모델은 공정모델과 별도 활용 검토 필요",,,,"구별 불가 시, 1공장 Offsite는 GSO 통합 리뷰 생성 = 부식관리 Only"
GSO,/1212_,"리뷰 생성 중복 시 GSO는 우선순위 최후순위. 
오프사이트 모델은 공정모델과 별도 활용 검토 필요",,,,"구별 불가 시, 1공장 Offsite는 GSO 통합 리뷰 생성 = 부식관리 Only"
GSO,/1213_,"리뷰 생성 중복 시 GSO는 우선순위 최후순위. 
오프사이트 모델은 공정모델과 별도 활용 검토 필요",,,,"구별 불가 시, 1공장 Offsite는 GSO 통합 리뷰 생성 = 부식관리 Only"
GSO,/1214_,"리뷰 생성 중복 시 GSO는 우선순위 최후순위. 
오프사이트 모델은 공정모델과 별도 활용 검토 필요",,,,"구별 불가 시, 1공장 Offsite는 GSO 통합 리뷰 생성 = 부식관리 Only"
GSO,/1301_,"리뷰 생성 중복 시 GSO는 우선순위 최후순위. 
오프사이트 모델은 공정모델과 별도 활용 검토 필요",,,,"구별 불가 시, 1공장 Offsite는 GSO 통합 리뷰 생성 = 부식관리 Only"
GSO,/1302_,"리뷰 생성 중복 시 GSO는 우선순위 최후순위. 
오프사이트 모델은 공정모델과 별도 활용 검토 필요",,,,"구별 불가 시, 1공장 Offsite는 GSO 통합 리뷰 생성 = 부식관리 Only"
GSO,/1303_,"리뷰 생성 중복 시 GSO는 우선순위 최후순위. 
오프사이트 모델은 공정모델과 별도 활용 검토 필요",,,,"구별 불가 시, 1공장 Offsite는 GSO 통합 리뷰 생성 = 부식관리 Only"
GSO,/1304_,"리뷰 생성 중복 시 GSO는 우선순위 최후순위. 
오프사이트 모델은 공정모델과 별도 활용 검토 필요",,,,"구별 불가 시, 1공장 Offsite는 GSO 통합 리뷰 생성 = 부식관리 Only"
GSO,/1306_,"리뷰 생성 중복 시 GSO는 우선순위 최후순위. 
오프사이트 모델은 공정모델과 별도 활용 검토 필요",,,,"구별 불가 시, 1공장 Offsite는 GSO 통합 리뷰 생성 = 부식관리 Only"
GSO,/1307_,"리뷰 생성 중복 시 GSO는 우선순위 최후순위. 
오프사이트 모델은 공정모델과 별도 활용 검토 필요",,,,"구별 불가 시, 1공장 Offsite는 GSO 통합 리뷰 생성 = 부식관리 Only"
GSO,/1405_,"리뷰 생성 중복 시 GSO는 우선순위 최후순위. 
오프사이트 모델은 공정모델과 별도 활용 검토 필요",,,,"구별 불가 시, 1공장 Offsite는 GSO 통합 리뷰 생성 = 부식관리 Only"
GSO,/1406_,"리뷰 생성 중복 시 GSO는 우선순위 최후순위. 
오프사이트 모델은 공정모델과 별도 활용 검토 필요",,,,"구별 불가 시, 1공장 Offsite는 GSO 통합 리뷰 생성 = 부식관리 Only"
GSO,/1407_,"리뷰 생성 중복 시 GSO는 우선순위 최후순위. 
오프사이트 모델은 공정모델과 별도 활용 검토 필요",,,,"구별 불가 시, 1공장 Offsite는 GSO 통합 리뷰 생성 = 부식관리 Only"
GSO,/1408_,"리뷰 생성 중복 시 GSO는 우선순위 최후순위. 
오프사이트 모델은 공정모델과 별도 활용 검토 필요",,,,"구별 불가 시, 1공장 Offsite는 GSO 통합 리뷰 생성 = 부식관리 Only"
GSO,/1409_,"리뷰 생성 중복 시 GSO는 우선순위 최후순위. 
오프사이트 모델은 공정모델과 별도 활용 검토 필요",,,,"구별 불가 시, 1공장 Offsite는 GSO 통합 리뷰 생성 = 부식관리 Only"
GSO,/1410_,"리뷰 생성 중복 시 GSO는 우선순위 최후순위. 
오프사이트 모델은 공정모델과 별도 활용 검토 필요",,,,"구별 불가 시, 1공장 Offsite는 GSO 통합 리뷰 생성 = 부식관리 Only"
GSO,/1411_,"리뷰 생성 중복 시 GSO는 우선순위 최후순위. 
오프사이트 모델은 공정모델과 별도 활용 검토 필요",,,,"구별 불가 시, 1공장 Offsite는 GSO 통합 리뷰 생성 = 부식관리 Only"
GSO,/2017-MISC,"리뷰 생성 중복 시 GSO는 우선순위 최후순위. 
오프사이트 모델은 공정모델과 별도 활용 검토 필요",,,,"구별 불가 시, 1공장 Offsite는 GSO 통합 리뷰 생성 = 부식관리 Only"
GSO,/2017-OFFSITE_STRU:ALL,"리뷰 생성 중복 시 GSO는 우선순위 최후순위. 
오프사이트 모델은 공정모델과 별도 활용 검토 필요",,,,"구별 불가 시, 1공장 Offsite는 GSO 통합 리뷰 생성 = 부식관리 Only"
GSO,/2018-OFFSITE_STRU:100,"리뷰 생성 중복 시 GSO는 우선순위 최후순위. 
오프사이트 모델은 공정모델과 별도 활용 검토 필요",,,,"구별 불가 시, 1공장 Offsite는 GSO 통합 리뷰 생성 = 부식관리 Only"
GSO,/2018-OFFSITE_STRU:200,"리뷰 생성 중복 시 GSO는 우선순위 최후순위. 
오프사이트 모델은 공정모델과 별도 활용 검토 필요",,,,"구별 불가 시, 1공장 Offsite는 GSO 통합 리뷰 생성 = 부식관리 Only"
GSO,/2018-OFFSITE_STRU:300,"리뷰 생성 중복 시 GSO는 우선순위 최후순위. 
오프사이트 모델은 공정모델과 별도 활용 검토 필요",,,,"구별 불가 시, 1공장 Offsite는 GSO 통합 리뷰 생성 = 부식관리 Only"
GSO,/2018-OFFSITE_STRU:400,"리뷰 생성 중복 시 GSO는 우선순위 최후순위. 
오프사이트 모델은 공정모델과 별도 활용 검토 필요",,,,"구별 불가 시, 1공장 Offsite는 GSO 통합 리뷰 생성 = 부식관리 Only"
GSO,/Copy-(2)-of-1307_1306_,"리뷰 생성 중복 시 GSO는 우선순위 최후순위. 
오프사이트 모델은 공정모델과 별도 활용 검토 필요",,,,제외
GSO,/Copy-of-1017_,"리뷰 생성 중복 시 GSO는 우선순위 최후순위. 
오프사이트 모델은 공정모델과 별도 활용 검토 필요",,,,제외
GSO,/Copy-of-1018_,"리뷰 생성 중복 시 GSO는 우선순위 최후순위. 
오프사이트 모델은 공정모델과 별도 활용 검토 필요",,,,제외
GSO,/Copy-of-1019_,"리뷰 생성 중복 시 GSO는 우선순위 최후순위. 
오프사이트 모델은 공정모델과 별도 활용 검토 필요",,,,제외
GSO,/Copy-of-1020_,"리뷰 생성 중복 시 GSO는 우선순위 최후순위. 
오프사이트 모델은 공정모델과 별도 활용 검토 필요",,,,제외
GSO,/Copy-of-1025_,"리뷰 생성 중복 시 GSO는 우선순위 최후순위. 
오프사이트 모델은 공정모델과 별도 활용 검토 필요",,,,제외
GSO,/Copy-of-1026_,"리뷰 생성 중복 시 GSO는 우선순위 최후순위. 
오프사이트 모델은 공정모델과 별도 활용 검토 필요",,,,제외
GSO,/Copy-of-1028_,"리뷰 생성 중복 시 GSO는 우선순위 최후순위. 
오프사이트 모델은 공정모델과 별도 활용 검토 필요",,,,제외
GSO,/Copy-of-1105_,"리뷰 생성 중복 시 GSO는 우선순위 최후순위. 
오프사이트 모델은 공정모델과 별도 활용 검토 필요",,,,제외
GSO,/Copy-of-1107_,"리뷰 생성 중복 시 GSO는 우선순위 최후순위. 
오프사이트 모델은 공정모델과 별도 활용 검토 필요",,,,제외
GSO,/Copy-of-1112_,"리뷰 생성 중복 시 GSO는 우선순위 최후순위. 
오프사이트 모델은 공정모델과 별도 활용 검토 필요",,,,제외
GSO,/Copy-of-1202_,"리뷰 생성 중복 시 GSO는 우선순위 최후순위. 
오프사이트 모델은 공정모델과 별도 활용 검토 필요",,,,제외
GSO,/Copy-of-1203_,"리뷰 생성 중복 시 GSO는 우선순위 최후순위. 
오프사이트 모델은 공정모델과 별도 활용 검토 필요",,,,제외
GSO,/Copy-of-1204_,"리뷰 생성 중복 시 GSO는 우선순위 최후순위. 
오프사이트 모델은 공정모델과 별도 활용 검토 필요",,,,제외
GSO,/Copy-of-1406_,"리뷰 생성 중복 시 GSO는 우선순위 최후순위. 
오프사이트 모델은 공정모델과 별도 활용 검토 필요",,,,제외
GSO,/Copy-of-1407_,"리뷰 생성 중복 시 GSO는 우선순위 최후순위. 
오프사이트 모델은 공정모델과 별도 활용 검토 필요",,,,제외
GSO,/Copy-of-1412_,"리뷰 생성 중복 시 GSO는 우선순위 최후순위. 
오프사이트 모델은 공정모델과 별도 활용 검토 필요",,,,제외
GSO,/CUI-MISC_DS,"리뷰 생성 중복 시 GSO는 우선순위 최후순위. 
오프사이트 모델은 공정모델과 별도 활용 검토 필요",,,,"구별 불가 시, 1공장 Offsite는 GSO 통합 리뷰 생성 = 부식관리 Only"
GSO,/FLARE_STACK,721,,,,"구별 불가 시, 1공장 Offsite는 GSO 통합 리뷰 생성 = 부식관리 Only"
GSO,/HOLD_UNIDENTIFIED,"리뷰 생성 중복 시 GSO는 우선순위 최후순위. 
오프사이트 모델은 공정모델과 별도 활용 검토 필요",,,,"구별 불가 시, 1공장 Offsite는 GSO 통합 리뷰 생성 = 부식관리 Only"
GSO,/PIPEWAY_UNIT_001,"리뷰 생성 중복 시 GSO는 우선순위 최후순위. 
오프사이트 모델은 공정모델과 별도 활용 검토 필요",,,,"구별 불가 시, 1공장 Offsite는 GSO 통합 리뷰 생성 = 부식관리 Only"
GSO,/PIPEWAY_UNIT_002,"리뷰 생성 중복 시 GSO는 우선순위 최후순위. 
오프사이트 모델은 공정모델과 별도 활용 검토 필요",,,,"구별 불가 시, 1공장 Offsite는 GSO 통합 리뷰 생성 = 부식관리 Only"
GSO,/PIPEWAY_UNIT_003,"리뷰 생성 중복 시 GSO는 우선순위 최후순위. 
오프사이트 모델은 공정모델과 별도 활용 검토 필요",,,,"구별 불가 시, 1공장 Offsite는 GSO 통합 리뷰 생성 = 부식관리 Only"
GSO,/PIPEWAY_UNIT_004,"리뷰 생성 중복 시 GSO는 우선순위 최후순위. 
오프사이트 모델은 공정모델과 별도 활용 검토 필요",,,,"구별 불가 시, 1공장 Offsite는 GSO 통합 리뷰 생성 = 부식관리 Only"
GSO,/PIPEWAY_UNIT_005,"리뷰 생성 중복 시 GSO는 우선순위 최후순위. 
오프사이트 모델은 공정모델과 별도 활용 검토 필요",,,,"구별 불가 시, 1공장 Offsite는 GSO 통합 리뷰 생성 = 부식관리 Only"
GSO,/PIPEWAY_UNIT_006,"리뷰 생성 중복 시 GSO는 우선순위 최후순위. 
오프사이트 모델은 공정모델과 별도 활용 검토 필요",,,,"구별 불가 시, 1공장 Offsite는 GSO 통합 리뷰 생성 = 부식관리 Only"
GSO,/PIPEWAY_UNIT_007,"리뷰 생성 중복 시 GSO는 우선순위 최후순위. 
오프사이트 모델은 공정모델과 별도 활용 검토 필요",,,,"구별 불가 시, 1공장 Offsite는 GSO 통합 리뷰 생성 = 부식관리 Only"
GSO,/PIPEWAY_UNIT_015,"리뷰 생성 중복 시 GSO는 우선순위 최후순위. 
오프사이트 모델은 공정모델과 별도 활용 검토 필요",,,,"구별 불가 시, 1공장 Offsite는 GSO 통합 리뷰 생성 = 부식관리 Only"
GSO,/PIPEWAY_UNIT_016,"리뷰 생성 중복 시 GSO는 우선순위 최후순위. 
오프사이트 모델은 공정모델과 별도 활용 검토 필요",,,,"구별 불가 시, 1공장 Offsite는 GSO 통합 리뷰 생성 = 부식관리 Only"
GSO,/PIPEWAY_UNIT_020,"리뷰 생성 중복 시 GSO는 우선순위 최후순위. 
오프사이트 모델은 공정모델과 별도 활용 검토 필요",,,,"구별 불가 시, 1공장 Offsite는 GSO 통합 리뷰 생성 = 부식관리 Only"
GSO,/PIPEWAY_UNIT_020_보온,"리뷰 생성 중복 시 GSO는 우선순위 최후순위. 
오프사이트 모델은 공정모델과 별도 활용 검토 필요",,,,"구별 불가 시, 1공장 Offsite는 GSO 통합 리뷰 생성 = 부식관리 Only"
GSO,/PIPEWAY_UNIT_021,"리뷰 생성 중복 시 GSO는 우선순위 최후순위. 
오프사이트 모델은 공정모델과 별도 활용 검토 필요",,,,"구별 불가 시, 1공장 Offsite는 GSO 통합 리뷰 생성 = 부식관리 Only"
GSO,/PIPEWAY_UNIT_021_구조진단,"리뷰 생성 중복 시 GSO는 우선순위 최후순위. 
오프사이트 모델은 공정모델과 별도 활용 검토 필요",,,,"구별 불가 시, 1공장 Offsite는 GSO 통합 리뷰 생성 = 부식관리 Only"
GSO,/PIPEWAY_UNIT_021_보온,"리뷰 생성 중복 시 GSO는 우선순위 최후순위. 
오프사이트 모델은 공정모델과 별도 활용 검토 필요",,,,"구별 불가 시, 1공장 Offsite는 GSO 통합 리뷰 생성 = 부식관리 Only"
GSO,/PIPEWAY_UNIT_022,"리뷰 생성 중복 시 GSO는 우선순위 최후순위. 
오프사이트 모델은 공정모델과 별도 활용 검토 필요",,,,"구별 불가 시, 1공장 Offsite는 GSO 통합 리뷰 생성 = 부식관리 Only"
GSO,/PIPEWAY_UNIT_024,"리뷰 생성 중복 시 GSO는 우선순위 최후순위. 
오프사이트 모델은 공정모델과 별도 활용 검토 필요",,,,"구별 불가 시, 1공장 Offsite는 GSO 통합 리뷰 생성 = 부식관리 Only"
GSO,/PIPEWAY_UNIT_024_보온,"리뷰 생성 중복 시 GSO는 우선순위 최후순위. 
오프사이트 모델은 공정모델과 별도 활용 검토 필요",,,,"구별 불가 시, 1공장 Offsite는 GSO 통합 리뷰 생성 = 부식관리 Only"
GSO,/PIPEWAY_UNIT_025,"리뷰 생성 중복 시 GSO는 우선순위 최후순위. 
오프사이트 모델은 공정모델과 별도 활용 검토 필요",,,,"구별 불가 시, 1공장 Offsite는 GSO 통합 리뷰 생성 = 부식관리 Only"
GSO,/PIPEWAY_UNIT_025_구조진단,"리뷰 생성 중복 시 GSO는 우선순위 최후순위. 
오프사이트 모델은 공정모델과 별도 활용 검토 필요",,,,"구별 불가 시, 1공장 Offsite는 GSO 통합 리뷰 생성 = 부식관리 Only"
GSO,/PIPEWAY_UNIT_026,"리뷰 생성 중복 시 GSO는 우선순위 최후순위. 
오프사이트 모델은 공정모델과 별도 활용 검토 필요",,,,"구별 불가 시, 1공장 Offsite는 GSO 통합 리뷰 생성 = 부식관리 Only"
GSO,/PIPEWAY_UNIT_026_구조진단,"리뷰 생성 중복 시 GSO는 우선순위 최후순위. 
오프사이트 모델은 공정모델과 별도 활용 검토 필요",,,,"구별 불가 시, 1공장 Offsite는 GSO 통합 리뷰 생성 = 부식관리 Only"
GSO,/PIPEWAY_UNIT_029,"리뷰 생성 중복 시 GSO는 우선순위 최후순위. 
오프사이트 모델은 공정모델과 별도 활용 검토 필요",,,,"구별 불가 시, 1공장 Offsite는 GSO 통합 리뷰 생성 = 부식관리 Only"
GSO,/PIPEWAY_UNIT_029_보온,"리뷰 생성 중복 시 GSO는 우선순위 최후순위. 
오프사이트 모델은 공정모델과 별도 활용 검토 필요",,,,"구별 불가 시, 1공장 Offsite는 GSO 통합 리뷰 생성 = 부식관리 Only"
GSO,/PIPEWAY_UNIT_032,"리뷰 생성 중복 시 GSO는 우선순위 최후순위. 
오프사이트 모델은 공정모델과 별도 활용 검토 필요",,,,"구별 불가 시, 1공장 Offsite는 GSO 통합 리뷰 생성 = 부식관리 Only"
GSO,/PIPEWAY_UNIT_034,"리뷰 생성 중복 시 GSO는 우선순위 최후순위. 
오프사이트 모델은 공정모델과 별도 활용 검토 필요",,,,"구별 불가 시, 1공장 Offsite는 GSO 통합 리뷰 생성 = 부식관리 Only"
GSO,/PIPEWAY_UNIT_052,"리뷰 생성 중복 시 GSO는 우선순위 최후순위. 
오프사이트 모델은 공정모델과 별도 활용 검토 필요",,,,"구별 불가 시, 1공장 Offsite는 GSO 통합 리뷰 생성 = 부식관리 Only"
GSO,/PIPEWAY_UNIT_053,"리뷰 생성 중복 시 GSO는 우선순위 최후순위. 
오프사이트 모델은 공정모델과 별도 활용 검토 필요",,,,"구별 불가 시, 1공장 Offsite는 GSO 통합 리뷰 생성 = 부식관리 Only"
GSO,/PIPEWAY_UNIT_054,"리뷰 생성 중복 시 GSO는 우선순위 최후순위. 
오프사이트 모델은 공정모델과 별도 활용 검토 필요",,,,"구별 불가 시, 1공장 Offsite는 GSO 통합 리뷰 생성 = 부식관리 Only"
GSO,/PIPEWAY_UNIT_056,"리뷰 생성 중복 시 GSO는 우선순위 최후순위. 
오프사이트 모델은 공정모델과 별도 활용 검토 필요",,,,"구별 불가 시, 1공장 Offsite는 GSO 통합 리뷰 생성 = 부식관리 Only"
GSO,/PIPEWAY_UNIT_062,"리뷰 생성 중복 시 GSO는 우선순위 최후순위. 
오프사이트 모델은 공정모델과 별도 활용 검토 필요",,,,"구별 불가 시, 1공장 Offsite는 GSO 통합 리뷰 생성 = 부식관리 Only"
GSO,/PIPEWAY_UNIT_063,"리뷰 생성 중복 시 GSO는 우선순위 최후순위. 
오프사이트 모델은 공정모델과 별도 활용 검토 필요",,,,"구별 불가 시, 1공장 Offsite는 GSO 통합 리뷰 생성 = 부식관리 Only"
GSO,/PIPEWAY_UNIT_064,"리뷰 생성 중복 시 GSO는 우선순위 최후순위. 
오프사이트 모델은 공정모델과 별도 활용 검토 필요",,,,"구별 불가 시, 1공장 Offsite는 GSO 통합 리뷰 생성 = 부식관리 Only"
GSO,/PIPEWAY_UNIT_066,"리뷰 생성 중복 시 GSO는 우선순위 최후순위. 
오프사이트 모델은 공정모델과 별도 활용 검토 필요",,,,"구별 불가 시, 1공장 Offsite는 GSO 통합 리뷰 생성 = 부식관리 Only"
GSO,/PIPEWAY_UNIT_067,"리뷰 생성 중복 시 GSO는 우선순위 최후순위. 
오프사이트 모델은 공정모델과 별도 활용 검토 필요",,,,"구별 불가 시, 1공장 Offsite는 GSO 통합 리뷰 생성 = 부식관리 Only"
GSO,/PIPEWAY_UNIT_072,"리뷰 생성 중복 시 GSO는 우선순위 최후순위. 
오프사이트 모델은 공정모델과 별도 활용 검토 필요",,,,"구별 불가 시, 1공장 Offsite는 GSO 통합 리뷰 생성 = 부식관리 Only"
GSO,/PIPEWAY_UNIT_073,"리뷰 생성 중복 시 GSO는 우선순위 최후순위. 
오프사이트 모델은 공정모델과 별도 활용 검토 필요",,,,"구별 불가 시, 1공장 Offsite는 GSO 통합 리뷰 생성 = 부식관리 Only"
GSO,/PIPEWAY_UNIT_074,"리뷰 생성 중복 시 GSO는 우선순위 최후순위. 
오프사이트 모델은 공정모델과 별도 활용 검토 필요",,,,"구별 불가 시, 1공장 Offsite는 GSO 통합 리뷰 생성 = 부식관리 Only"
GSO,/PIPEWAY_UNIT_075,"리뷰 생성 중복 시 GSO는 우선순위 최후순위. 
오프사이트 모델은 공정모델과 별도 활용 검토 필요",,,,"구별 불가 시, 1공장 Offsite는 GSO 통합 리뷰 생성 = 부식관리 Only"
GSO,/PIPEWAY_UNIT_076,"리뷰 생성 중복 시 GSO는 우선순위 최후순위. 
오프사이트 모델은 공정모델과 별도 활용 검토 필요",,,,"구별 불가 시, 1공장 Offsite는 GSO 통합 리뷰 생성 = 부식관리 Only"
GSO,/PIPEWAY_UNIT_077,"리뷰 생성 중복 시 GSO는 우선순위 최후순위. 
오프사이트 모델은 공정모델과 별도 활용 검토 필요",,,,"구별 불가 시, 1공장 Offsite는 GSO 통합 리뷰 생성 = 부식관리 Only"
GSO,/PIPEWAY_UNIT_079,"리뷰 생성 중복 시 GSO는 우선순위 최후순위. 
오프사이트 모델은 공정모델과 별도 활용 검토 필요",,,,"구별 불가 시, 1공장 Offsite는 GSO 통합 리뷰 생성 = 부식관리 Only"
GSO,/PIPEWAY_UNIT_085,"리뷰 생성 중복 시 GSO는 우선순위 최후순위. 
오프사이트 모델은 공정모델과 별도 활용 검토 필요",,,,"구별 불가 시, 1공장 Offsite는 GSO 통합 리뷰 생성 = 부식관리 Only"
GSO,/PIPEWAY_UNIT_087,"리뷰 생성 중복 시 GSO는 우선순위 최후순위. 
오프사이트 모델은 공정모델과 별도 활용 검토 필요",,,,"구별 불가 시, 1공장 Offsite는 GSO 통합 리뷰 생성 = 부식관리 Only"
GSO,/PIPEWAY_UNIT_089,"리뷰 생성 중복 시 GSO는 우선순위 최후순위. 
오프사이트 모델은 공정모델과 별도 활용 검토 필요",,,,"구별 불가 시, 1공장 Offsite는 GSO 통합 리뷰 생성 = 부식관리 Only"
GSO,/PIPEWAY_UNIT_090,"리뷰 생성 중복 시 GSO는 우선순위 최후순위. 
오프사이트 모델은 공정모델과 별도 활용 검토 필요",,,,"구별 불가 시, 1공장 Offsite는 GSO 통합 리뷰 생성 = 부식관리 Only"
GSO,/PIPEWAY_UNIT_093,"리뷰 생성 중복 시 GSO는 우선순위 최후순위. 
오프사이트 모델은 공정모델과 별도 활용 검토 필요",,,,"구별 불가 시, 1공장 Offsite는 GSO 통합 리뷰 생성 = 부식관리 Only"
GSO,/PIPEWAY_UNIT_095,"리뷰 생성 중복 시 GSO는 우선순위 최후순위. 
오프사이트 모델은 공정모델과 별도 활용 검토 필요",,,,"구별 불가 시, 1공장 Offsite는 GSO 통합 리뷰 생성 = 부식관리 Only"
GSO,/PIPEWAY_UNIT_097,"리뷰 생성 중복 시 GSO는 우선순위 최후순위. 
오프사이트 모델은 공정모델과 별도 활용 검토 필요",,,,"구별 불가 시, 1공장 Offsite는 GSO 통합 리뷰 생성 = 부식관리 Only"
GSO,/PIPEWAY_UNIT_098,"리뷰 생성 중복 시 GSO는 우선순위 최후순위. 
오프사이트 모델은 공정모델과 별도 활용 검토 필요",,,,"구별 불가 시, 1공장 Offsite는 GSO 통합 리뷰 생성 = 부식관리 Only"
GSO,/PIPEWAY_UNIT_103,"리뷰 생성 중복 시 GSO는 우선순위 최후순위. 
오프사이트 모델은 공정모델과 별도 활용 검토 필요",,,,"구별 불가 시, 1공장 Offsite는 GSO 통합 리뷰 생성 = 부식관리 Only"
GSO,/PIPEWAY_UNIT_104,"리뷰 생성 중복 시 GSO는 우선순위 최후순위. 
오프사이트 모델은 공정모델과 별도 활용 검토 필요",,,,"구별 불가 시, 1공장 Offsite는 GSO 통합 리뷰 생성 = 부식관리 Only"
GSO,/PIPEWAY_UNIT_105,"리뷰 생성 중복 시 GSO는 우선순위 최후순위. 
오프사이트 모델은 공정모델과 별도 활용 검토 필요",,,,"구별 불가 시, 1공장 Offsite는 GSO 통합 리뷰 생성 = 부식관리 Only"
GSO,/PIPEWAY_UNIT_106,"리뷰 생성 중복 시 GSO는 우선순위 최후순위. 
오프사이트 모델은 공정모델과 별도 활용 검토 필요",,,,"구별 불가 시, 1공장 Offsite는 GSO 통합 리뷰 생성 = 부식관리 Only"
GSO,/PIPEWAY_UNIT_107,"리뷰 생성 중복 시 GSO는 우선순위 최후순위. 
오프사이트 모델은 공정모델과 별도 활용 검토 필요",,,,"구별 불가 시, 1공장 Offsite는 GSO 통합 리뷰 생성 = 부식관리 Only"
GSO,/PIPEWAY_UNIT_109,"리뷰 생성 중복 시 GSO는 우선순위 최후순위. 
오프사이트 모델은 공정모델과 별도 활용 검토 필요",,,,"구별 불가 시, 1공장 Offsite는 GSO 통합 리뷰 생성 = 부식관리 Only"
GSO,/PIPEWAY_UNIT_110,"리뷰 생성 중복 시 GSO는 우선순위 최후순위. 
오프사이트 모델은 공정모델과 별도 활용 검토 필요",,,,"구별 불가 시, 1공장 Offsite는 GSO 통합 리뷰 생성 = 부식관리 Only"
GSO,/PIPEWAY_UNIT_115,"리뷰 생성 중복 시 GSO는 우선순위 최후순위. 
오프사이트 모델은 공정모델과 별도 활용 검토 필요",,,,"구별 불가 시, 1공장 Offsite는 GSO 통합 리뷰 생성 = 부식관리 Only"
GSO,/PIPEWAY_UNIT_116,"리뷰 생성 중복 시 GSO는 우선순위 최후순위. 
오프사이트 모델은 공정모델과 별도 활용 검토 필요",,,,"구별 불가 시, 1공장 Offsite는 GSO 통합 리뷰 생성 = 부식관리 Only"
GSO,/PIPEWAY_UNIT_120,"리뷰 생성 중복 시 GSO는 우선순위 최후순위. 
오프사이트 모델은 공정모델과 별도 활용 검토 필요",,,,"구별 불가 시, 1공장 Offsite는 GSO 통합 리뷰 생성 = 부식관리 Only"
GSO,/PIPEWAY_UNIT_120_구조진단,"리뷰 생성 중복 시 GSO는 우선순위 최후순위. 
오프사이트 모델은 공정모델과 별도 활용 검토 필요",,,,"구별 불가 시, 1공장 Offsite는 GSO 통합 리뷰 생성 = 부식관리 Only"
GSO,/PIPEWAY_UNIT_121,"리뷰 생성 중복 시 GSO는 우선순위 최후순위. 
오프사이트 모델은 공정모델과 별도 활용 검토 필요",,,,"구별 불가 시, 1공장 Offsite는 GSO 통합 리뷰 생성 = 부식관리 Only"
GSO,/PIPEWAY_UNIT_121_보온,"리뷰 생성 중복 시 GSO는 우선순위 최후순위. 
오프사이트 모델은 공정모델과 별도 활용 검토 필요",,,,"구별 불가 시, 1공장 Offsite는 GSO 통합 리뷰 생성 = 부식관리 Only"
GSO,/PIPEWAY_UNIT_126,"리뷰 생성 중복 시 GSO는 우선순위 최후순위. 
오프사이트 모델은 공정모델과 별도 활용 검토 필요",,,,"구별 불가 시, 1공장 Offsite는 GSO 통합 리뷰 생성 = 부식관리 Only"
GSO,/PIPEWAY_UNIT_152,"리뷰 생성 중복 시 GSO는 우선순위 최후순위. 
오프사이트 모델은 공정모델과 별도 활용 검토 필요",,,,"구별 불가 시, 1공장 Offsite는 GSO 통합 리뷰 생성 = 부식관리 Only"
GSO,/PIPEWAY_UNIT_153,"리뷰 생성 중복 시 GSO는 우선순위 최후순위. 
오프사이트 모델은 공정모델과 별도 활용 검토 필요",,,,"구별 불가 시, 1공장 Offsite는 GSO 통합 리뷰 생성 = 부식관리 Only"
GSO,/PIPEWAY_UNIT_154,"리뷰 생성 중복 시 GSO는 우선순위 최후순위. 
오프사이트 모델은 공정모델과 별도 활용 검토 필요",,,,"구별 불가 시, 1공장 Offsite는 GSO 통합 리뷰 생성 = 부식관리 Only"
GSO,/PIPEWAY_UNIT_155,"리뷰 생성 중복 시 GSO는 우선순위 최후순위. 
오프사이트 모델은 공정모델과 별도 활용 검토 필요",,,,"구별 불가 시, 1공장 Offsite는 GSO 통합 리뷰 생성 = 부식관리 Only"
GSO,/PIPEWAY_UNIT_156,"리뷰 생성 중복 시 GSO는 우선순위 최후순위. 
오프사이트 모델은 공정모델과 별도 활용 검토 필요",,,,"구별 불가 시, 1공장 Offsite는 GSO 통합 리뷰 생성 = 부식관리 Only"
GSO,/PIPEWAY_UNIT_159,"리뷰 생성 중복 시 GSO는 우선순위 최후순위. 
오프사이트 모델은 공정모델과 별도 활용 검토 필요",,,,"구별 불가 시, 1공장 Offsite는 GSO 통합 리뷰 생성 = 부식관리 Only"
GSO,/PIPEWAY_UNIT_166,"리뷰 생성 중복 시 GSO는 우선순위 최후순위. 
오프사이트 모델은 공정모델과 별도 활용 검토 필요",,,,"구별 불가 시, 1공장 Offsite는 GSO 통합 리뷰 생성 = 부식관리 Only"
GSO,/PIPEWAY_UNIT_201,"리뷰 생성 중복 시 GSO는 우선순위 최후순위. 
오프사이트 모델은 공정모델과 별도 활용 검토 필요",,,,"구별 불가 시, 1공장 Offsite는 GSO 통합 리뷰 생성 = 부식관리 Only"
GSO,/PIPEWAY_UNIT_203,"리뷰 생성 중복 시 GSO는 우선순위 최후순위. 
오프사이트 모델은 공정모델과 별도 활용 검토 필요",,,,"구별 불가 시, 1공장 Offsite는 GSO 통합 리뷰 생성 = 부식관리 Only"
GSO,/PIPEWAY_UNIT_204,"리뷰 생성 중복 시 GSO는 우선순위 최후순위. 
오프사이트 모델은 공정모델과 별도 활용 검토 필요",,,,"구별 불가 시, 1공장 Offsite는 GSO 통합 리뷰 생성 = 부식관리 Only"
GSO,/PIPEWAY_UNIT_205,"리뷰 생성 중복 시 GSO는 우선순위 최후순위. 
오프사이트 모델은 공정모델과 별도 활용 검토 필요",,,,"구별 불가 시, 1공장 Offsite는 GSO 통합 리뷰 생성 = 부식관리 Only"
GSO,/PIPEWAY_UNIT_209,"리뷰 생성 중복 시 GSO는 우선순위 최후순위. 
오프사이트 모델은 공정모델과 별도 활용 검토 필요",,,,"구별 불가 시, 1공장 Offsite는 GSO 통합 리뷰 생성 = 부식관리 Only"
GSO,/PIPEWAY_UNIT_210,"리뷰 생성 중복 시 GSO는 우선순위 최후순위. 
오프사이트 모델은 공정모델과 별도 활용 검토 필요",,,,"구별 불가 시, 1공장 Offsite는 GSO 통합 리뷰 생성 = 부식관리 Only"
GSO,/PIPEWAY_UNIT_216,"리뷰 생성 중복 시 GSO는 우선순위 최후순위. 
오프사이트 모델은 공정모델과 별도 활용 검토 필요",,,,"구별 불가 시, 1공장 Offsite는 GSO 통합 리뷰 생성 = 부식관리 Only"
GSO,/PIPEWAY_UNIT_305,"리뷰 생성 중복 시 GSO는 우선순위 최후순위. 
오프사이트 모델은 공정모델과 별도 활용 검토 필요",,,,"구별 불가 시, 1공장 Offsite는 GSO 통합 리뷰 생성 = 부식관리 Only"
GSO,/PIPEWAY_UNIT_306,"리뷰 생성 중복 시 GSO는 우선순위 최후순위. 
오프사이트 모델은 공정모델과 별도 활용 검토 필요",,,,"구별 불가 시, 1공장 Offsite는 GSO 통합 리뷰 생성 = 부식관리 Only"
GSO,/PIPEWAY_UNIT_309,"리뷰 생성 중복 시 GSO는 우선순위 최후순위. 
오프사이트 모델은 공정모델과 별도 활용 검토 필요",,,,"구별 불가 시, 1공장 Offsite는 GSO 통합 리뷰 생성 = 부식관리 Only"
GSO,/PIPEWAY_UNIT_310,"리뷰 생성 중복 시 GSO는 우선순위 최후순위. 
오프사이트 모델은 공정모델과 별도 활용 검토 필요",,,,"구별 불가 시, 1공장 Offsite는 GSO 통합 리뷰 생성 = 부식관리 Only"
GSO,/PIPEWAY_UNIT_521,"리뷰 생성 중복 시 GSO는 우선순위 최후순위. 
오프사이트 모델은 공정모델과 별도 활용 검토 필요",,,,"구별 불가 시, 1공장 Offsite는 GSO 통합 리뷰 생성 = 부식관리 Only"
GSO,/PIPEWAY_UNIT_621,621,,621,,"구별 불가 시, 1공장 Offsite는 GSO 통합 리뷰 생성 = 부식관리 Only"
GSO,/PIPEWAY_UNKNOWN,"리뷰 생성 중복 시 GSO는 우선순위 최후순위. 
오프사이트 모델은 공정모델과 별도 활용 검토 필요",,,,"구별 불가 시, 1공장 Offsite는 GSO 통합 리뷰 생성 = 부식관리 Only"
GSO,/PIPEWAY_UTILITY,"리뷰 생성 중복 시 GSO는 우선순위 최후순위. 
오프사이트 모델은 공정모델과 별도 활용 검토 필요",,,,"구별 불가 시, 1공장 Offsite는 GSO 통합 리뷰 생성 = 부식관리 Only"
GSO,/PIPEWAY_UTILITY_구조진단,"리뷰 생성 중복 시 GSO는 우선순위 최후순위. 
오프사이트 모델은 공정모델과 별도 활용 검토 필요",,,,"구별 불가 시, 1공장 Offsite는 GSO 통합 리뷰 생성 = 부식관리 Only"
GSO,/PIPEWAY_UTILITY_보온,"리뷰 생성 중복 시 GSO는 우선순위 최후순위. 
오프사이트 모델은 공정모델과 별도 활용 검토 필요",,,,"구별 불가 시, 1공장 Offsite는 GSO 통합 리뷰 생성 = 부식관리 Only"
GSO,/PROCESS_UNIT_024_VRU,"리뷰 생성 중복 시 GSO는 우선순위 최후순위. 
오프사이트 모델은 공정모델과 별도 활용 검토 필요",,,,"구별 불가 시, 1공장 Offsite는 GSO 통합 리뷰 생성 = 부식관리 Only"
GSO,/TANKAGE_#1,"리뷰 생성 중복 시 GSO는 우선순위 최후순위. 
오프사이트 모델은 공정모델과 별도 활용 검토 필요",,,,"구별 불가 시, 1공장 Offsite는 GSO 통합 리뷰 생성 = 부식관리 Only"
GSO,/TANKAGE_#1_ARO,"리뷰 생성 중복 시 GSO는 우선순위 최후순위. 
오프사이트 모델은 공정모델과 별도 활용 검토 필요",,,,"구별 불가 시, 1공장 Offsite는 GSO 통합 리뷰 생성 = 부식관리 Only"
GSO,/TANKAGE_#2,"리뷰 생성 중복 시 GSO는 우선순위 최후순위. 
오프사이트 모델은 공정모델과 별도 활용 검토 필요",,,,"구별 불가 시, 1공장 Offsite는 GSO 통합 리뷰 생성 = 부식관리 Only"
GSO,/TANKAGE_#2_ARO,"리뷰 생성 중복 시 GSO는 우선순위 최후순위. 
오프사이트 모델은 공정모델과 별도 활용 검토 필요",,,,"구별 불가 시, 1공장 Offsite는 GSO 통합 리뷰 생성 = 부식관리 Only"
GSO,/TANKAGE_#3,"리뷰 생성 중복 시 GSO는 우선순위 최후순위. 
오프사이트 모델은 공정모델과 별도 활용 검토 필요",,,,"구별 불가 시, 1공장 Offsite는 GSO 통합 리뷰 생성 = 부식관리 Only"
GSO,/TANKAGE_#4,"리뷰 생성 중복 시 GSO는 우선순위 최후순위. 
오프사이트 모델은 공정모델과 별도 활용 검토 필요",,,,"구별 불가 시, 1공장 Offsite는 GSO 통합 리뷰 생성 = 부식관리 Only"
GSO,/TANKAGE_#5,"리뷰 생성 중복 시 GSO는 우선순위 최후순위. 
오프사이트 모델은 공정모델과 별도 활용 검토 필요",,,,"구별 불가 시, 1공장 Offsite는 GSO 통합 리뷰 생성 = 부식관리 Only"
GSO,/TANKAGE_#6,"리뷰 생성 중복 시 GSO는 우선순위 최후순위. 
오프사이트 모델은 공정모델과 별도 활용 검토 필요",,,,"구별 불가 시, 1공장 Offsite는 GSO 통합 리뷰 생성 = 부식관리 Only"
GSO,/TANKAGE_API_NEW,"리뷰 생성 중복 시 GSO는 우선순위 최후순위. 
오프사이트 모델은 공정모델과 별도 활용 검토 필요",,,,"구별 불가 시, 1공장 Offsite는 GSO 통합 리뷰 생성 = 부식관리 Only"
GSO,/TANKAGE_API_OLD,"리뷰 생성 중복 시 GSO는 우선순위 최후순위. 
오프사이트 모델은 공정모델과 별도 활용 검토 필요",,,,"구별 불가 시, 1공장 Offsite는 GSO 통합 리뷰 생성 = 부식관리 Only"
GSO,/TANKAGE_COSMOS,"리뷰 생성 중복 시 GSO는 우선순위 최후순위. 
오프사이트 모델은 공정모델과 별도 활용 검토 필요",,,,"구별 불가 시, 1공장 Offsite는 GSO 통합 리뷰 생성 = 부식관리 Only"
GSO,/공정_MAP,"리뷰 생성 중복 시 GSO는 우선순위 최후순위. 
오프사이트 모델은 공정모델과 별도 활용 검토 필요",,,,"구별 불가 시, 1공장 Offsite는 GSO 통합 리뷰 생성 = 부식관리 Only"
GSO,/저유2,"리뷰 생성 중복 시 GSO는 우선순위 최후순위. 
오프사이트 모델은 공정모델과 별도 활용 검토 필요",,,,"구별 불가 시, 1공장 Offsite는 GSO 통합 리뷰 생성 = 부식관리 Only"
HDF,/ADMIN,TEST 용 SITE 임,,TEST 용 SITE 임,TEST 용 SITE 임,
HDF,/CHECK:PP,TEST 용 SITE 임,,TEST 용 SITE 임,TEST 용 SITE 임,
HDF,/EHA87A:ELEC,87,,87,87,
HDF,/ETA85A:ELEC,85,,85,85,
HDF,/IHA87A:INST,87,,87,87,
HDF,/ITA85A:INST,85,,85,85,
HDF,/PHA87A:EQUI,87,,87,87,
HDF,/PHA87A:MISC,87,,87,87,
HDF,/PHA87A:PP,87,,87,87,
HDF,/PHA87B:EQUI,87,,87,87,
HDF,/PHA87B:MISC,87,,87,87,
HDF,/PHA87B:PP,87,,87,87,
HDF,/PHA87R:EQUI,87,,87,87,
HDF,/PHA87R:MISC,87,,87,87,
HDF,/PHA87R:PP,87,,87,87,
HDF,/PHB87A:EQUI,87,,87,87,
HDF,/PHB87A:MISC,87,,87,87,
HDF,/PHB87A:PP,87,,87,87,
HDF,/PHB87R:EQUI,87,,87,87,
HDF,/PHB87R:MISC,87,,87,87,
HDF,/PHB87U:EQUI,87,,87,87,
HDF,/PHB87U:MISC,87,,87,87,
HDF,/PHB87U:PP,87,,87,87,
HDF,/PHC85A:EQUI,85,,85,85,
HDF,/PHC85A:MISC,85,,85,85,
HDF,/PHC85A:PP,85,,85,85,
HDF,/PHC85B:EQUI,85,,85,85,
HDF,/PHC85B:MISC,85,,85,85,
HDF,/PHC85B:PP,85,,85,85,
HDF,/PHC87R:EQUI,87,,87,87,
HDF,/PHC87R:MISC,87,,87,87,
HDF,/PHC87R:PP,87,,87,87,
HDF,/POA216:EQUI,216,,216,216,
HDF,/POA216:MISC,216,,216,216,
HDF,/POA216:PP,216,,216,216,
HDF,/POA532:EQUI,532,,532,532,
HDF,/POA532:MISC,532,,532,532,
HDF,/POA532:PP,532,,532,532,
HDF,/POA98:EQUI,98,,98,98,
HDF,/POA98:PP,98,,98,98,
HDF,/POA98:PP_SM,98,,98,98,
HDF,/POB05A:EQUI,"05,67,15",,"05,67,15","05,67,15",
HDF,/POB05A:MISC,"05,15",,"05,15","05,15",
HDF,/POB05A:PP,"05,15,67,21,521,75,95",,"05,15,67,21,521,75,95","05,15,67,21,521,75,95",
HDF,/POB21B:EQUI,"20,25.97",,"20,25.97","20,25.97",
HDF,/POB21B:MISC,1공장 OFFSITE PIPE RACK 일부임,,1공장 OFFSITE PIPE RACK 일부임,1공장 OFFSITE PIPE RACK 일부임,
HDF,/POB21B:PP,"21,521",,"21,521","21,521",
HDF,/PTA85A:EQUI,85,,85,85,
HDF,/PTA85A:MISC,85,,85,85,
HDF,/PTA85A:PP,85,,85,85,
HDF,/PTA85R:EQUI,85,,85,85,
HDF,/PTA85R:MISC,85,,85,85,
HDF,/PTA85R:PP,85,,85,85,
HDF,/PTB85A:EQUI,85,,85,85,
HDF,/PTB85A:MISC,85,,85,85,
HDF,/PTB85A:PP,85,,85,85,
HDF,/PTB85R:EQUI,85,,85,85,
HDF,/PTB85R:PP,85,,85,85,
HDF,/PTB85U:EQUI,85,,85,85,
HDF,/PTB85U:PP,85,,85,85,
HDF,/SHA87A:STRU,87,,87,87,
HDF,/SHA87U:STRU,87,,87,87,
HDF,/SOA87A:STRU,87,,87,87,
HDF,/STA85A:STRU,85,,85,85,
HDF,/STA85U:STRU,85,,85,85,
HOT,/512-F-101:SAMPLE,512,,512,,
HOT,/612MEMBRANE:EQUI,612,,612,,
HOT,/612MEMBRANE:PP,612,,612,,
HOT,/655-OVERALL,655,,655,,
HOT,/DEMO_VNET.SITE,512,,512,,
HOT,/E612AA:Communication:ELEC,612,,612,,
HOT,/E612AA:FireAlarm:ELEC,612,,612,,
HOT,/E612AA:HeatTracing:ELEC,612,,612,,
HOT,/E612AA:Lighting:ELEC,612,,612,,
HOT,/E612AA:Power:ELEC,612,,612,,
HOT,/E615AA:Communication:ELEC,615,,615,,
HOT,/E615AA:FireAlarm:ELEC,615,,615,,
HOT,/E615AA:HeatTracing:ELEC,615,,615,,
HOT,/E615AA:Lighting:ELEC,615,,615,,
HOT,/E615AA:Power:ELEC,615,,615,,
HOT,/E616AA:Communication:ELEC,616,,616,,
HOT,/E616AA:FireAlarm:ELEC,616,,616,,
HOT,/E616AA:HeatTracing:ELEC,616,,616,,
HOT,/E616AA:Lighting:ELEC,616,,616,,
HOT,/E616AA:Power:ELEC,616,,616,,
HOT,/E616AB:Communication:ELEC,616,,616,,
HOT,/E616AB:FireAlarm:ELEC,616,,616,,
HOT,/E616AB:HeatTracing:ELEC,616,,616,,
HOT,/E616AB:Lighting:ELEC,616,,616,,
HOT,/E616AB:Power:ELEC,616,,616,,
HOT,/E620AA:HeatTracing:ELEC,620,,620,,
HOT,/E620AA:Lighting:ELEC,620,,620,,
HOT,/E620AA:Power:ELEC,620,,620,,
HOT,/E621AA:Power:ELEC,621,,621,,
HOT,/E632AA:Communication:ELEC,632,,632,,
HOT,/E632AA:FireAlarm:ELEC,632,,632,,
HOT,/E632AA:HeatTracing:ELEC,632,,632,,
HOT,/E632AA:Lighting:ELEC,632,,632,,
HOT,/E632AA:Power:ELEC,632,,632,,
HOT,/E654AA:Lighting:ELEC,654,,654,,
HOT,/FCCXP615RC:PP,615,,615,,
HOT,/FCCXP620AB:EQUI,620,,620,,
HOT,/FCCXP620AD:EQUI,620,,620,,
HOT,/FCCXP620AD:PP,620,,620,,
HOT,/FCCXP620RB:PP_SB,620,,620,,
HOT,/FCCXP620RC:PP_SB,620,,620,,
HOT,/FCCXP620UA:PP,620,,620,,
HOT,/FCCXP620UB:PP,620,,620,,
HOT,/FCCXP621AA:EQUI,621,,621,,
HOT,/FCCXP621AB:EQUI,621,,621,,
HOT,/FCCXP621AB:MISC,621,,621,,
HOT,/FCCXP621AB:PP,621,,621,,
HOT,/FCCXP621AB:PP_SB,621,,621,,
HOT,/FCCXP621AE:PP,621,,621,,
HOT,/FCCXP621RA:PP,621,,621,,
HOT,/FCCXP621RB:PP,621,,621,,
HOT,/FCCXP621RC:PP,621,,621,,
HOT,/FCCXP621RD:PP,621,,621,,
HOT,/FCCXP621RE:PP,621,,621,,
HOT,/FCCXP621RG:PP,621,,621,,
HOT,/FCCXP621UA:EQUI,621,,621,,
HOT,/FCCXP621UA:MISC,621,,621,,
HOT,/FCCXP621UA:PP,621,,621,,
HOT,/FCCXP621UD:EQUI,621,,621,,
HOT,/FCCXP621UD:MISC,621,,621,,
HOT,/FCCXP621UD:PP,621,,621,,
HOT,/FCCXP624AA:PP_SB,624,,624,,
HOT,/FCCXP655AA:PP_SB,655,,655,,
HOT,/FCCXP655AC:PP,655,,655,,
HOT,/FCCXP655RB:PP,655,,655,,
HOT,/FCCXS615AA:STRU,615,,615,,
HOT,/FCCXS615UA:STRU,615,,615,,
HOT,/FCCXS616AA:STRU,616,,616,,
HOT,/FCCXS616AB:STRU,616,,616,,
HOT,/FCCXS616UA:STRU,616,,616,,
HOT,/FCCXS616UB:STRU,616,,616,,
HOT,/FCCXS620AA:STRU,620,,620,,
HOT,/FCCXS620AF:STRU,620,,620,,
HOT,/FCCXS620UA:STRU,620,,620,,
HOT,/FCCXS621AA:STRU,621,,621,,
HOT,/FCCXS621UA:STRU,621,,621,,
HOT,/FCCXS624AA:STRU,624,,624,,
HOT,/FCCXS624UA:STRU,624,,624,,
HOT,/FCCXS632AA:STRU,624,,624,,
HOT,/FCCXS655AA:STRU,655,,655,,
HOT,/FCCXS655UA:STRU,655,,655,,
HOT,/HOTPROJ-DATUM,652/653/654/655/656/612/615/616/632/620/624,,652/653/654/655/656/612/615/616/632/620/624,,
HOT,/I612AA:Cable:INST,612,,612,,
HOT,/I612AA:CommCable:INST,612,,612,,
HOT,/I612AA:PowerCable:INST,612,,612,,
HOT,/I615AA:Cable:INST,615,,615,,
HOT,/I615AA:PowerCable:INST,615,,615,,
HOT,/I616AA:Cable:INST,616,,616,,
HOT,/I616AB:Cable:INST,616,,616,,
HOT,/I620AA:Cable:INST,620,,620,,
HOT,/I620AA:CommCable:INST,620,,620,,
HOT,/I621AA:Cable:INST,621,,621,,
HOT,/I632AA:Cable:INST,632,,632,,
HOT,/I632AA:PowerCable:INST,632,,632,,
HOT,/NO2_EHCRAA:ELEC,512,,512,,
HOT,/NO2_EHCRAU:ELEC,512,,512,,
HOT,/NO2_EHYDAU:ELEC,512,,512,,
HOT,/NO2_ELOPAA:ELEC,512,,512,,
HOT,/NO2_ELOPAU:ELEC,512,,512,,
HOT,/NO2_ELTAAA:ELEC,512,,512,,
HOT,/NO2_EOCRAA:ELEC,512,,512,,
HOT,/NO2_EPCRAA:ELEC,512,,512,,
HOT,/NO2_ESRUAA:ELEC,512,,512,,
HOT,/NO2_ESRUAU:ELEC,512,,512,,
HOT,/NO2_ESRUBA:ELEC,512,,512,,
HOT,/NO2_ETULAU:ELEC,512,,512,,
HOT,/NO2_EUTLAA:ELEC,512,,512,,
HOT,/NO2_EUTLAB:ELEC,512,,512,,
HOT,/NO2_EUTRAA:ELEC,512,,512,,
HOT,/NO2_EVDUAA:ELEC,512,,512,,
HOT,/NO2_EVDUAU:ELEC,512,,512,,
HOT,/NO2_EVTAAA:ELEC,512,,512,,
HOT,/NO2_EVTAAU:ELEC,512,,512,,
HOT,/NO2_IFLAAA:INST,512,,512,,
HOT,/NO2_IHCRAA:INST,512,,512,,
HOT,/NO2_ILOPAA:INST,512,,512,,
HOT,/NO2_ILTAAA:INST,512,,512,,
HOT,/NO2_IOCRAA:INST,512,,512,,
HOT,/NO2_IPCRAA:INST,512,,512,,
HOT,/NO2_ISRUAA:INST,512,,512,,
HOT,/NO2_IUTLAA:INST,512,,512,,
HOT,/NO2_IUTLAB:INST,512,,512,,
HOT,/NO2_IVDUAA:INST,512,,512,,
HOT,/NO2_IVTAAA:INST,512,,512,,
HOT,/NO2_PFLAAA:EQUI,512,,512,,
HOT,/NO2_PFLAAA:MISC,512,,512,,
HOT,/NO2_PFLAAA:PP,512,,512,,
HOT,/NO2_PFLAAU:EQUI,512,,512,,
HOT,/NO2_PFLAAU:MISC,512,,512,,
HOT,/NO2_PFLAAU:PP,512,,512,,
HOT,/NO2_PHCRAA:EQUI,512,,512,,
HOT,/NO2_PHCRAA:MISC,512,,512,,
HOT,/NO2_PHCRAA:PP,512,,512,,
HOT,/NO2_PHCRAA:PP_SB,512,,512,,
HOT,/NO2_PHCRAB:EQUI,512,,512,,
HOT,/NO2_PHCRAB:MISC,512,,512,,
HOT,/NO2_PHCRAB:PP,512,,512,,
HOT,/NO2_PHCRAB:PP_SB,512,,512,,
HOT,/NO2_PHCRBA:EQUI,512,,512,,
HOT,/NO2_PHCRBA:MISC,512,,512,,
HOT,/NO2_PHCRBA:PP,512,,512,,
HOT,/NO2_PHCRBA:PP_SB,512,,512,,
HOT,/NO2_PHCRBB:EQUI,512,,512,,
HOT,/NO2_PHCRBB:MISC,512,,512,,
HOT,/NO2_PHCRBB:PP,512,,512,,
HOT,/NO2_PHCRBB:PP_SB,512,,512,,
HOT,/NO2_PHCRCA:EQUI,512,,512,,
HOT,/NO2_PHCRCA:MISC,512,,512,,
HOT,/NO2_PHCRCA:PP,512,,512,,
HOT,/NO2_PHCRCA:PP_SB,512,,512,,
HOT,/NO2_PHCRCB:EQUI,512,,512,,
HOT,/NO2_PHCRCB:MISC,512,,512,,
HOT,/NO2_PHCRCB:PP,512,,512,,
HOT,/NO2_PHCRCB:PP_SB,512,,512,,
HOT,/NO2_PHCRDP:EQUI,512,,512,,
HOT,/NO2_PHCRDP:MISC,512,,512,,
HOT,/NO2_PHCRDP:PP,512,,512,,
HOT,/NO2_PHCRDP:PP_SB,512,,512,,
HOT,/NO2_PHCRDR:EQUI,512,,512,,
HOT,/NO2_PHCRDR:MISC,512,,512,,
HOT,/NO2_PHCRDR:PP,512,,512,,
HOT,/NO2_PHCRDR:PP_SB,512,,512,,
HOT,/NO2_PHCRDU:EQUI,512,,512,,
HOT,/NO2_PHCRDU:MISC,512,,512,,
HOT,/NO2_PHCRDU:PP,512,,512,,
HOT,/NO2_PHYDAA:EQUI,512,,512,,
HOT,/NO2_PHYDAA:MISC,512,,512,,
HOT,/NO2_PHYDAA:PP,512,,512,,
HOT,/NO2_PHYDAA:PP_SB,512,,512,,
HOT,/NO2_PHYDAA:PP_TR,512,,512,,
HOT,/NO2_PHYDAU:MISC,512,,512,,
HOT,/NO2_PHYDAU:PP,512,,512,,
HOT,/NO2_PLOPAA:EQUI,512,,512,,
HOT,/NO2_PLOPAA:MISC,512,,512,,
HOT,/NO2_PLOPAA:PP,512,,512,,
HOT,/NO2_PLOPAA:PP_SB,512,,512,,
HOT,/NO2_PLOPAB:EQUI,512,,512,,
HOT,/NO2_PLOPAB:MISC,512,,512,,
HOT,/NO2_PLOPAB:PP,512,,512,,
HOT,/NO2_PLOPAB:PP_SB,512,,512,,
HOT,/NO2_PLOPBA:EQUI,512,,512,,
HOT,/NO2_PLOPBA:MISC,512,,512,,
HOT,/NO2_PLOPBA:PP,512,,512,,
HOT,/NO2_PLOPBA:PP_SB,512,,512,,
HOT,/NO2_PLOPBB:EQUI,512,,512,,
HOT,/NO2_PLOPBB:MISC,512,,512,,
HOT,/NO2_PLOPBB:PP,512,,512,,
HOT,/NO2_PLOPBB:PP_SB,512,,512,,
HOT,/NO2_PLOPCR:EQUI,512,,512,,
HOT,/NO2_PLOPCR:MISC,512,,512,,
HOT,/NO2_PLOPCR:PP,512,,512,,
HOT,/NO2_PLOPCR:PP_SB,512,,512,,
HOT,/NO2_PLOPCU:EQUI,512,,512,,
HOT,/NO2_PLOPCU:MISC,512,,512,,
HOT,/NO2_PLOPCU:PP,512,,512,,
HOT,/NO2_PLTAAA:EQUI,512,,512,,
HOT,/NO2_PLTAAA:MISC,512,,512,,
HOT,/NO2_PLTAAA:PP,512,,512,,
HOT,/NO2_PLTAAA:PP_SB,512,,512,,
HOT,/NO2_PLTAAB:EQUI,512,,512,,
HOT,/NO2_PLTAAB:MISC,512,,512,,
HOT,/NO2_PLTAAB:PP,512,,512,,
HOT,/NO2_PLTABR:PP,512,,512,,
HOT,/NO2_PLTABU:EQUI,512,,512,,
HOT,/NO2_PLTABU:MISC,512,,512,,
HOT,/NO2_PLTABU:PP,512,,512,,
HOT,/NO2_POCRAA:MISC,512,,512,,
HOT,/NO2_POCRAA:PP,512,,512,,
HOT,/NO2_POCRAA:PP_SB,512,,512,,
HOT,/NO2_POCRAB:MISC,512,,512,,
HOT,/NO2_POCRAB:PP,512,,512,,
HOT,/NO2_POCRAB:PP_SB,512,,512,,
HOT,/NO2_POCRAC:EQUI,512,,512,,
HOT,/NO2_POCRAC:PP,512,,512,,
HOT,/NO2_POCRAC:PP_SB,512,,512,,
HOT,/NO2_POCRAD:EQUI,512,,512,,
HOT,/NO2_POCRAD:MISC,512,,512,,
HOT,/NO2_POCRAD:PP,512,,512,,
HOT,/NO2_POGPAA:EQUI,512,,512,,
HOT,/NO2_POGPAA:MISC,512,,512,,
HOT,/NO2_POGPAA:PP,512,,512,,
HOT,/NO2_POGPAA:STRU,512,,512,,
HOT,/NO2_POGPAU:STRU,512,,512,,
HOT,/NO2_POGPXA:EQUI,512,,512,,
HOT,/NO2_POGPXA:MISC,512,,512,,
HOT,/NO2_POGPXA:PP,512,,512,,
HOT,/NO2_POGPXA:STRU,512,,512,,
HOT,/NO2_POGRA:PP,512,,512,,
HOT,/NO2_POGRAA:STRU,512,,512,,
HOT,/NO2_POGRAC:PP_SB,512,,512,,
HOT,/NO2_PPCRAA:EQUI,512,,512,,
HOT,/NO2_PPCRAA:MISC,512,,512,,
HOT,/NO2_PPCRAA:PP,512,,512,,
HOT,/NO2_PPCRAA:PP_SB,512,,512,,
HOT,/NO2_PPCRAB:EQUI,512,,512,,
HOT,/NO2_PPCRAB:PP,512,,512,,
HOT,/NO2_PPCRAB:PP_SB,512,,512,,
HOT,/NO2_PPCRAC:EQUI,512,,512,,
HOT,/NO2_PPCRAC:MISC,512,,512,,
HOT,/NO2_PPCRAC:PP,512,,512,,
HOT,/NO2_PPCRAC:PP_SB,512,,512,,
HOT,/NO2_PSRUAA:EQUI,512,,512,,
HOT,/NO2_PSRUAA:MISC,512,,512,,
HOT,/NO2_PSRUAA:PP,512,,512,,
HOT,/NO2_PSRUAA:PP_SB,512,,512,,
HOT,/NO2_PSRUAA:PP_TR,512,,512,,
HOT,/NO2_PSRUAB:EQUI,512,,512,,
HOT,/NO2_PSRUAB:MISC,512,,512,,
HOT,/NO2_PSRUAB:PP,512,,512,,
HOT,/NO2_PSRUAB:PP_SB,512,,512,,
HOT,/NO2_PSRUAB:PP_TR,512,,512,,
HOT,/NO2_PSRUBA:EQUI,512,,512,,
HOT,/NO2_PSRUBA:MISC,512,,512,,
HOT,/NO2_PSRUBA:PP,512,,512,,
HOT,/NO2_PSRUBA:PP_SB,512,,512,,
HOT,/NO2_PSRUBA:PP_TR,512,,512,,
HOT,/NO2_PSRUCR:EQUI,512,,512,,
HOT,/NO2_PSRUCR:MISC,512,,512,,
HOT,/NO2_PSRUCR:PP,512,,512,,
HOT,/NO2_PSRUCR:PP_SB,512,,512,,
HOT,/NO2_PSRUCR:PP_TR,512,,512,,
HOT,/NO2_PSRUCU:MISC,512,,512,,
HOT,/NO2_PSRUCU:PP,512,,512,,
HOT,/NO2_PTIEAA:EQUI,512,,512,,
HOT,/NO2_PTIEAA:MISC,512,,512,,
HOT,/NO2_PTIEAA:PP,512,,512,,
HOT,/NO2_PTIEAA:PP_SB,512,,512,,
HOT,/NO2_PUTLAA:EQUI,512,,512,,
HOT,/NO2_PUTLAA:MISC,512,,512,,
HOT,/NO2_PUTLAA:PP,512,,512,,
HOT,/NO2_PUTLAA:PP_SB,512,,512,,
HOT,/NO2_PUTLAB:EQUI,512,,512,,
HOT,/NO2_PUTLAB:MISC,512,,512,,
HOT,/NO2_PUTLAB:PP,512,,512,,
HOT,/NO2_PUTLAB:PP_SB,512,,512,,
HOT,/NO2_PUTLAU:EQUI,512,,512,,
HOT,/NO2_PUTLAU:PP,512,,512,,
HOT,/NO2_PUTLBR:EQUI,512,,512,,
HOT,/NO2_PUTLBR:MISC,512,,512,,
HOT,/NO2_PUTLBR:PP,512,,512,,
HOT,/NO2_PUTLBR:PP_SB,512,,512,,
HOT,/NO2_PUTLCA:EQUI,512,,512,,
HOT,/NO2_PUTLCA:MISC,512,,512,,
HOT,/NO2_PUTLCA:PP,512,,512,,
HOT,/NO2_PUTLCA:PP_SB,512,,512,,
HOT,/NO2_PUTLCB:EQUI,512,,512,,
HOT,/NO2_PUTLCB:MISC,512,,512,,
HOT,/NO2_PUTLCB:PP,512,,512,,
HOT,/NO2_PUTLCB:PP_SB,512,,512,,
HOT,/NO2_PUTLCU:ELEC,512,,512,,
HOT,/NO2_PUTLCU:EQUI,512,,512,,
HOT,/NO2_PUTLCU:PP,512,,512,,
HOT,/NO2_PUTRAA:PP,512,,512,,
HOT,/NO2_PUTRAA:PP_SB,512,,512,,
HOT,/NO2_PUTRRC:EQUI,512,,512,,
HOT,/NO2_PVDUAA:EQUI,512,,512,,
HOT,/NO2_PVDUAA:MISC,512,,512,,
HOT,/NO2_PVDUAA:PP,512,,512,,
HOT,/NO2_PVDUAA:PP_SB,512,,512,,
HOT,/NO2_PVDUAB:EQUI,512,,512,,
HOT,/NO2_PVDUAB:MISC,512,,512,,
HOT,/NO2_PVDUAB:PP,512,,512,,
HOT,/NO2_PVDUAB:PP_SB,512,,512,,
HOT,/NO2_PVDUAC:EQUI,512,,512,,
HOT,/NO2_PVDUAC:MISC,512,,512,,
HOT,/NO2_PVDUAC:PP,512,,512,,
HOT,/NO2_PVDUAC:PP_SB,512,,512,,
HOT,/NO2_PVDUBA:EQUI,512,,512,,
HOT,/NO2_PVDUBA:MISC,512,,512,,
HOT,/NO2_PVDUBA:PP,512,,512,,
HOT,/NO2_PVDUBA:PP_SB,512,,512,,
HOT,/NO2_PVDUBB:EQUI,512,,512,,
HOT,/NO2_PVDUBB:MISC,512,,512,,
HOT,/NO2_PVDUBB:PP,512,,512,,
HOT,/NO2_PVDUBB:PP_SB,512,,512,,
HOT,/NO2_PVDUCA:EQUI,512,,512,,
HOT,/NO2_PVDUCA:PP,512,,512,,
HOT,/NO2_PVDUCA:PP_SB,512,,512,,
HOT,/NO2_PVDUCB:EQUI,512,,512,,
HOT,/NO2_PVDUCB:MISC,512,,512,,
HOT,/NO2_PVDUCB:PP,512,,512,,
HOT,/NO2_PVDUCB:PP_SB,512,,512,,
HOT,/NO2_PVDUDR:EQUI,512,,512,,
HOT,/NO2_PVDUDR:MISC,512,,512,,
HOT,/NO2_PVDUDR:PP,512,,512,,
HOT,/NO2_PVDUDR:PP_SB,512,,512,,
HOT,/NO2_PVDUDU:EQUI,512,,512,,
HOT,/NO2_PVDUDU:MISC,512,,512,,
HOT,/NO2_PVDUDU:PP,512,,512,,
HOT,/NO2_PVTAAA:EQUI,512,,512,,
HOT,/NO2_PVTAAA:MISC,512,,512,,
HOT,/NO2_PVTAAA:PP,512,,512,,
HOT,/NO2_PVTAAB:EQUI,512,,512,,
HOT,/NO2_PVTAAB:MISC,512,,512,,
HOT,/NO2_PVTAAB:PP,512,,512,,
HOT,/NO2_PVTAAC:EQUI,512,,512,,
HOT,/NO2_PVTAAC:MISC,512,,512,,
HOT,/NO2_PVTAAC:PP,512,,512,,
HOT,/NO2_PVTAAU:EQUI,512,,512,,
HOT,/NO2_PVTAAU:PP,512,,512,,
HOT,/NO2_PVTABA:EQUI,512,,512,,
HOT,/NO2_PVTABA:MISC,512,,512,,
HOT,/NO2_PVTABA:PP,512,,512,,
HOT,/NO2_PVTABR:EQUI,512,,512,,
HOT,/NO2_PVTABR:PP,512,,512,,
HOT,/NO2_PVTABU:EQUI,512,,512,,
HOT,/NO2_PVTABU:MISC,512,,512,,
HOT,/NO2_PVTABU:PP,512,,512,,
HOT,/NO2_SFLAAA:STRU,512,,512,,
HOT,/NO2_SFLAAU:STRU,512,,512,,
HOT,/NO2_SHCRAA:STRU,512,,512,,
HOT,/NO2_SHCRAB:STRU,512,,512,,
HOT,/NO2_SHCRAC:STRU,512,,512,,
HOT,/NO2_SHYDAU:STRU,512,,512,,
HOT,/NO2_SLOPAA:STRU,512,,512,,
HOT,/NO2_SLTAAA:STRU,512,,512,,
HOT,/NO2_SLTAAU:STRU,512,,512,,
HOT,/NO2_SOCRAA:STRU,512,,512,,
HOT,/NO2_SOCRAB:STRU,512,,512,,
HOT,/NO2_SOCRAU:STRU,512,,512,,
HOT,/NO2_SPCRAA:STRU,512,,512,,
HOT,/NO2_SPCRAU:STRU,512,,512,,
HOT,/NO2_SSRUAA:STRU,512,,512,,
HOT,/NO2_SUTLAA:STRU,512,,512,,
HOT,/NO2_SUTLAB:STRU,512,,512,,
HOT,/NO2_SUTLAU:STRU,512,,512,,
HOT,/NO2_SUTRAA:STRU,512,,512,,
HOT,/NO2_SVDUAA:STRU,512,,512,,
HOT,/NO2_SVDUAB:STRU,512,,512,,
HOT,/NO2_SVTAAA:STRU,512,,512,,
HOT,/NO2_SVTAAB:STRU,512,,512,,
HOT,/NO2_SVTAAU:STRU,512,,512,,
HOT,/NO2_SVTABU:STRU,512,,512,,
HOT,/OSYU-TEST:ELEC,621,,621,,
HOT,/OVERALL,615/655/620,,615/655/620,,
HOT,/P516XA:EQUI,516,,516,,
HOT,/P516XA:MISC,516,,516,,
HOT,/P516XA:PP,516,,516,,
HOT,/P516XA:STRU,516,,516,,
HOT,/P516XB:EQUI,516,,516,,
HOT,/P516XB:MISC,516,,516,,
HOT,/P516XB:PP,516,,516,,
HOT,/P521AA:EQUI,521,,521,,
HOT,/P521AA:MISC,521,,521,,
HOT,/P521AA:PP,521,,521,,
HOT,/P521AA:PP_SB,521,,521,,
HOT,/P521RA:EQUI,521,,521,,
HOT,/P521RA:MISC,521,,521,,
HOT,/P521RA:PP,521,,521,,
HOT,/P521RA:PP_SB,521,,521,,
HOT,/P521RB:PP,521,,521,,
HOT,/P521RB:PP_SB,521,,521,,
HOT,/P521UA:PP,521,,521,,
HOT,/P612AA:EQUI,612,,612,,
HOT,/P612AA:MISC,612,,612,,
HOT,/P612AA:PP,612,,612,,
HOT,/P612AA:PP_SB,612,,612,,
HOT,/P612AB:EQUI,612,,612,,
HOT,/P612AB:MISC,612,,612,,
HOT,/P612AB:PP,612,,612,,
HOT,/P612AB:PP_SB,612,,612,,
HOT,/P612AC:EQUI,612,,612,,
HOT,/P612AC:MISC,612,,612,,
HOT,/P612AC:PP,612,,612,,
HOT,/P612AC:PP_SB,612,,612,,
HOT,/P612AD:EQUI,612,,612,,
HOT,/P612AD:MISC,612,,612,,
HOT,/P612AD:PP,612,,612,,
HOT,/P612AD:PP_SB,612,,612,,
HOT,/P612AE:EQUI,612,,612,,
HOT,/P612AE:MISC,612,,612,,
HOT,/P612AE:PP,612,,612,,
HOT,/P612AE:PP_SB,612,,612,,
HOT,/P612AF:EQUI,612,,612,,
HOT,/P612AF:MISC,612,,612,,
HOT,/P612AF:PP,612,,612,,
HOT,/P612AF:PP_SB,612,,612,,
HOT,/P612AG:EQUI,612,,612,,
HOT,/P612AG:MISC,612,,612,,
HOT,/P612AG:PP,612,,612,,
HOT,/P612AG:PP_SB,612,,612,,
HOT,/P612AH:EQUI,612,,612,,
HOT,/P612AH:MISC,612,,612,,
HOT,/P612AH:PP,612,,612,,
HOT,/P612AH:PP_SB,612,,612,,
HOT,/P612AI:EQUI,612,,612,,
HOT,/P612AI:MISC,612,,612,,
HOT,/P612AI:PP,612,,612,,
HOT,/P612AI:PP_SB,612,,612,,
HOT,/P612AJ:EQUI,612,,612,,
HOT,/P612AJ:MISC,612,,612,,
HOT,/P612AJ:PP,612,,612,,
HOT,/P612AJ:PP_SB,612,,612,,
HOT,/P612AK:EQUI,612,,612,,
HOT,/P612AK:MISC,612,,612,,
HOT,/P612AK:PP,612,,612,,
HOT,/P612AK:PP_SB,612,,612,,
HOT,/P612RA:EQUI,612,,612,,
HOT,/P612RA:MISC,612,,612,,
HOT,/P612RA:PP,612,,612,,
HOT,/P612RA:PP_SB,612,,612,,
HOT,/P612RB:EQUI,612,,612,,
HOT,/P612RB:PP,612,,612,,
HOT,/P612RB:PP-SB,612,,612,,
HOT,/P612UA:EQUI,612,,612,,
HOT,/P612UA:MISC,612,,612,,
HOT,/P612UA:PP,612,,612,,
HOT,/P612UA:PP_SB,612,,612,,
HOT,/P612UB:EQUI,612,,612,,
HOT,/P612UB:MISC,612,,612,,
HOT,/P612UB:PP,612,,612,,
HOT,/P612UB:PP_SB,612,,612,,
HOT,/P615AA:EQUI,615,,615,,
HOT,/P615AA:MISC,615,,615,,
HOT,/P615AA:PP,615,,615,,
HOT,/P615AB:EQUI,615,,615,,
HOT,/P615AB:MISC,615,,615,,
HOT,/P615AB:PP,615,,615,,
HOT,/P615AC:EQUI,615,,615,,
HOT,/P615AC:MISC,615,,615,,
HOT,/P615AC:PP,615,,615,,
HOT,/P615AD:EQUI,615,,615,,
HOT,/P615AD:MISC,615,,615,,
HOT,/P615AD:PP,615,,615,,
HOT,/P615AE:EQUI,615,,615,,
HOT,/P615AE:MISC,615,,615,,
HOT,/P615AE:PP,615,,615,,
HOT,/P615RA:EQUI,615,,615,,
HOT,/P615RA:MISC,615,,615,,
HOT,/P615RA:PP,615,,615,,
HOT,/P615RB:EQUI,615,,615,,
HOT,/P615RB:MISC,615,,615,,
HOT,/P615RB:PP,615,,615,,
HOT,/P615RC:EQUI,615,,615,,
HOT,/P615RC:MISC,615,,615,,
HOT,/P615RC:PP,615,,615,,
HOT,/P615UA:EQUI,615,,615,,
HOT,/P615UA:MISC,615,,615,,
HOT,/P615UA:PP,615,,615,,
HOT,/P615XA:EQUI,615,,615,,
HOT,/P615XB:EQUI,615,,615,,
HOT,/P616AA:EQUI,616,,616,,
HOT,/P616AA:MISC,616,,616,,
HOT,/P616AA:PP,616,,616,,
HOT,/P616AA:PP_SB,616,,616,,
HOT,/P616AB:EQUI,616,,616,,
HOT,/P616AB:MISC,616,,616,,
HOT,/P616AB:PP,616,,616,,
HOT,/P616AB:PP_SB,616,,616,,
HOT,/P616AC:EQUI,616,,616,,
HOT,/P616AC:MISC,616,,616,,
HOT,/P616AC:PP,616,,616,,
HOT,/P616AC:PP_SB,616,,616,,
HOT,/P616AD:EQUI,616,,616,,
HOT,/P616AD:MISC,616,,616,,
HOT,/P616AD:PP,616,,616,,
HOT,/P616AD:PP_SB,616,,616,,
HOT,/P616AE:EQUI,616,,616,,
HOT,/P616AE:MISC,616,,616,,
HOT,/P616AE:PP,616,,616,,
HOT,/P616AE:PP_SB,616,,616,,
HOT,/P616AS:EQUI,616,,616,,
HOT,/P616AS:PP,616,,616,,
HOT,/P616AS:PP_SB,616,,616,,
HOT,/P616AW:PP,616,,616,,
HOT,/P616AW:PP_SB,616,,616,,
HOT,/P616RA:EQUI,616,,616,,
HOT,/P616RA:PP,616,,616,,
HOT,/P616RA:PP_SB,616,,616,,
HOT,/P616RB:EQUI,616,,616,,
HOT,/P616RB:PP,616,,616,,
HOT,/P616RB:PP_SB,616,,616,,
HOT,/P616RC:EQUI,616,,616,,
HOT,/P616RC:PP,616,,616,,
HOT,/P616RC:PP_SB,616,,616,,
HOT,/P616RD:EQUI,616,,616,,
HOT,/P616RD:PP,616,,616,,
HOT,/P616RD:PP_SB,616,,616,,
HOT,/P616RE:EQUI,616,,616,,
HOT,/P616RE:PP,616,,616,,
HOT,/P616RE:PP_SB,616,,616,,
HOT,/P616UA:EQUI,616,,616,,
HOT,/P616UA:MISC,616,,616,,
HOT,/P616UA:PP,616,,616,,
HOT,/P616UB:EQUI,616,,616,,
HOT,/P616UB:PP,616,,616,,
HOT,/P616XA:PP,616,,616,,
HOT,/P616XB:EQUI,616,,616,,
HOT,/P616XB:MISC,616,,616,,
HOT,/P616XB:PP,616,,616,,
HOT,/P616XB:STRU,616,,616,,
HOT,/P620AB:EQUI,620,,620,,
HOT,/P620AB:MISC,620,,620,,
HOT,/P620AB:PP,620,,620,,
HOT,/P620AB:PP_SB,620,,620,,
HOT,/P620AC:EQUI,620,,620,,
HOT,/P620AC:PP,620,,620,,
HOT,/P620AC:PP_SB,620,,620,,
HOT,/P620AD:EQUI,620,,620,,
HOT,/P620AD:MISC,620,,620,,
HOT,/P620AD:PP,620,,620,,
HOT,/P620AD:PP_SB,620,,620,,
HOT,/P620AE:EQUI,620,,620,,
HOT,/P620AE:PP,620,,620,,
HOT,/P620AF:EQUI,620,,620,,
HOT,/P620AF:PP,620,,620,,
HOT,/P620RA:EQUI,620,,620,,
HOT,/P620RA:PP,620,,620,,
HOT,/P620RA:PP_SB,620,,620,,
HOT,/P620RB:EQUI,620,,620,,
HOT,/P620RB:PP,620,,620,,
HOT,/P620RB:PP_SB,620,,620,,
HOT,/P620RC:EQUI,620,,620,,
HOT,/P620RC:MISC,620,,620,,
HOT,/P620RC:PP,620,,620,,
HOT,/P620RC:PP_SB,620,,620,,
HOT,/P620RD:EQUI,620,,620,,
HOT,/P620RD:PP,620,,620,,
HOT,/P620RD:PP_SB,620,,620,,
HOT,/P620RE:EQUI,620,,620,,
HOT,/P620RE:PP,620,,620,,
HOT,/P620RE:PP_SB,620,,620,,
HOT,/P620RF:EQUI,620,,620,,
HOT,/P620RF:PP,620,,620,,
HOT,/P620RF:PP_SB,620,,620,,
HOT,/P620RG:EQUI,620,,620,,
HOT,/P620RG:PP,620,,620,,
HOT,/P620RG:PP_SB,620,,620,,
HOT,/P620RH:EQUI,620,,620,,
HOT,/P620RH:PP,620,,620,,
HOT,/P620RH:PP_SB,620,,620,,
HOT,/P620RI:EQUI,620,,620,,
HOT,/P620RI:PP,620,,620,,
HOT,/P620RI:PP_SB,620,,620,,
HOT,/P620UA:EQUI,620,,620,,
HOT,/P620UA:PP,620,,620,,
HOT,/P620UB:PP,620,,620,,
HOT,/P621AB:EQUI,621,,621,,
HOT,/P621AB:MISC,621,,621,,
HOT,/P621AB:PP,621,,621,,
HOT,/P621AB:PP_SB,621,,621,,
HOT,/P621AE:EQUI,621,,621,,
HOT,/P621AE:PP,621,,621,,
HOT,/P621AE:PP_SB,621,,621,,
HOT,/P621AG:EQUI,621,,621,,
HOT,/P621AG:PP,621,,621,,
HOT,/P621AG:PP_SB,621,,621,,
HOT,/P621AH:EQUI,621,,621,,
HOT,/P621AH:PP,621,,621,,
HOT,/P621RA:PP,621,,621,,
HOT,/P621RA:PP_SB,621,,621,,
HOT,/P621RB:EQUI,621,,621,,
HOT,/P621RB:PP,621,,621,,
HOT,/P621RB:PP_SB,621,,621,,
HOT,/P621RC:EQUI,621,,621,,
HOT,/P621RC:MISC,621,,621,,
HOT,/P621RC:PP,621,,621,,
HOT,/P621RC:PP_SB,621,,621,,
HOT,/P621RD:EQUI,621,,621,,
HOT,/P621RD:PP,621,,621,,
HOT,/P621RD:PP_SB,621,,621,,
HOT,/P621RE:EQUI,621,,621,,
HOT,/P621RE:PP,621,,621,,
HOT,/P621RE:PP_SB,621,,621,,
HOT,/P621RG:EQUI,621,,621,,
HOT,/P621RG:PP,621,,621,,
HOT,/P621RG:PP_SB,621,,621,,
HOT,/P621RH:EQUI,621,,621,,
HOT,/P621RH:PP,621,,621,,
HOT,/P621RH:PP_SB,621,,621,,
HOT,/P621RK:EQUI,621,,621,,
HOT,/P621RK:PP,621,,621,,
HOT,/P621RK:PP_SB,621,,621,,
HOT,/P621UC:PP,621,,621,,
HOT,/P621UD:EQUI,621,,621,,
HOT,/P621UD:MISC,621,,621,,
HOT,/P621UD:PP,621,,621,,
HOT,/P632AA:EQUI,632,,632,,
HOT,/P632AA:MISC,632,,632,,
HOT,/P632AA:PP,632,,632,,
HOT,/P632AA:PP_SB,632,,632,,
HOT,/P632RC:PP,632,,632,,
HOT,/P632RC:PP_NOTREVERSE,632,,632,,
HOT,/P632UA:EQUI,632,,632,,
HOT,/P632UA:MISC,632,,632,,
HOT,/P632UA:PP,632,,632,,
HOT,/P632XA:EQUI,632,,632,,
HOT,/P632XA:PP,632,,632,,
HOT,/P655AA:EQUI,655,,655,,
HOT,/P655AA:PP,655,,655,,
HOT,/P655AC:MISC,655,,655,,
HOT,/P655RA:PP,655,,655,,
HOT,/P655UA:EQUI,655,,655,,
HOT,/P655UA:MISC,655,,655,,
HOT,/P655UA:PP,655,,655,,
HOT,/P655XA:EQUI,655,,655,,
HOT,/P655XA:PP,655,,655,,
HOT,/RFCC:EQUI-152,152,,152,,
HOT,/RFCC:EQUI-153,153,,153,,
HOT,/RFCC:EQUI-154,154,,154,,
HOT,/RFCC:EQUI-155,155,,155,,
HOT,/RFCC:PP-152,152,,152,,
HOT,/RFCC:PP-153,153,,153,,
HOT,/RFCC:PP-154,154,,154,,
HOT,/RFCC:PP-155,155,,155,,
HOT,/RFCC_DUCT,615/620,,615/620,,
HOT,/S612AA:STRU,612,,612,,
HOT,/S612AB:STRU,612,,612,,
HOT,/S612UA:STRU,612,,612,,
HOT,/S612UB:STRU,612,,612,,
HOT,/S615AA:STRU,615,,615,,
HOT,/S615UA:STRU,615,,615,,
HOT,/S616AA:STRU,616,,616,,
HOT,/S616AB:STRU,616,,616,,
HOT,/S616UA:STRU,616,,616,,
HOT,/S616UB:STRU,616,,616,,
HOT,/S620AA:STRU,620,,620,,
HOT,/S620AE:STRU,620,,620,,
HOT,/S620AF:STRU,620,,620,,
HOT,/S620UA:STRU,620,,620,,
HOT,/S620UE:STRU,620,,620,,
HOT,/S620UF:STRU,620,,620,,
HOT,/S621AA:STRU,621,,621,,
HOT,/S621AC:STRU,621,,621,,
HOT,/S621AK:STRU,621,,621,,
HOT,/S621UA:STRU,621,,621,,
HOT,/S621UC:STRU,621,,621,,
HOT,/S621UK:STRU,621,,621,,
HOT,/S632AA:STRU,632,,632,,
HOT,/S632UA:STRU,632,,632,,
HOT,/S632XA:STRU,632,,632,,
HOT,/S652AA:STRU,652,,652,,
HOT,/S652UA:STRU,652,,652,,
HOT,/S653AA:STRU,653,,653,,
HOT,/S653UA:STRU,653,,653,,
HOT,/S654AA:STRU,654,,654,,
HOT,/S654UA:STRU,654,,654,,
HOT,/S655AA:STRU,655,,655,,
HOT,/S655UA:STRU,655,,655,,
HOT,/VGOFCCE612AA:Power:ELEC,612,,612,,
HOT,/VGOFCCE615AA:Lighting:ELEC,615,,615,,
HOT,/VGOFCCE615AA:Power:ELEC,615,,615,,
HOT,/VGOFCCE616AA:Communication:ELEC,616,,616,,
HOT,/VGOFCCE616AA:Lighting:ELEC,616,,616,,
HOT,/VGOFCCE616AA:Power:ELEC,616,,616,,
HOT,/VGOFCCE616AB:Lighting:ELEC,616,,616,,
HOT,/VGOFCCE616AB:Power:ELEC,616,,616,,
HOT,/VGOFCCE620AA:Power:ELEC,620,,620,,
HOT,/VGOFCCE621AA:Power:ELEC,621,,621,,
HOT,/VGOFCCE624AA:Lighting:ELEC,624,,624,,
HOT,/VGOFCCE624AA:Power:ELEC,624,,624,,
HOT,/VGOFCCE652AA:Communication:ELEC,652,,652,,
HOT,/VGOFCCE652AA:FireAlarm:ELEC,652,,652,,
HOT,/VGOFCCE652AA:Lighting:ELEC,652,,652,,
HOT,/VGOFCCE652AA:Power:ELEC,652,,652,,
HOT,/VGOFCCE653AA:Communication:ELEC,653,,653,,
HOT,/VGOFCCE653AA:FireAlarm:ELEC,653,,653,,
HOT,/VGOFCCE653AA:Lighting:ELEC,653,,653,,
HOT,/VGOFCCE653AA:Power:ELEC,653,,653,,
HOT,/VGOFCCE654AA:Communication:ELEC,654,,654,,
HOT,/VGOFCCE654AA:FireAlarm:ELEC,654,,654,,
HOT,/VGOFCCE654AA:Power:ELEC,654,,654,,
HOT,/VGOFCCE655AA:Communication:ELEC,655,,655,,
HOT,/VGOFCCE655AA:FireAlarm:ELEC,655,,655,,
HOT,/VGOFCCE655AA:Lighting:ELEC,655,,655,,
HOT,/VGOFCCE655AA:Power:ELEC,655,,655,,
HOT,/VGOFCCE656AA:FireAlarm:ELEC,656,,656,,
HOT,/VGOFCCE656AA:Lighting:ELEC,656,,656,,
HOT,/VGOFCCE656AA:Power:ELEC,656,,656,,
HOT,/VGOFCCE656AB:FireAlarm:ELEC,656,,656,,
HOT,/VGOFCCE656AD:FireAlarm:ELEC,656,,656,,
HOT,/VGOFCCI615AA:Cable:INST,615,,615,,
HOT,/VGOFCCI615AA:PowerCable:INST,615,,615,,
HOT,/VGOFCCI616AA:Cable:INST,616,,616,,
HOT,/VGOFCCI616AB:Cable:INST,616,,616,,
HOT,/VGOFCCI620AA:Cable:INST,620,,620,,
HOT,/VGOFCCI621AA:Cable:INST,621,,621,,
HOT,/VGOFCCI632AA:Cable:INST,632,,632,,
HOT,/VGOFCCI652AA:Cable:INST,652,,652,,
HOT,/VGOFCCI652AA:CommCable:INST,652,,652,,
HOT,/VGOFCCI652AA:PowerCable:INST,652,,652,,
HOT,/VGOFCCI653AA:Cable:INST,653,,653,,
HOT,/VGOFCCI653AA:PowerCable:INST,653,,653,,
HOT,/VGOFCCI654AA:Cable:INST,654,,654,,
HOT,/VGOFCCI654AA:PowerCable:INST,654,,654,,
HOT,/VGOFCCI655AA:Cable:INST,655,,655,,
HOT,/VGOFCCI656AA:Cable:INST,656,,656,,
HOT,/VGOFCCP521AA:EQUI,521,,521,,
HOT,/VGOFCCP521AA:PP,521,,521,,
HOT,/VGOFCCP521AA:PP_SB,521,,521,,
HOT,/VGOFCCP521RA:EQUI,521,,521,,
HOT,/VGOFCCP521RA:PP,521,,521,,
HOT,/VGOFCCP521RA:PP_SB,521,,521,,
HOT,/VGOFCCP615AA:PP,615,,615,,
HOT,/VGOFCCP615AB:EQUI,615,,615,,
HOT,/VGOFCCP615AB:PP,615,,615,,
HOT,/VGOFCCP615AD:MISC,615,,615,,
HOT,/VGOFCCP615AE:EQUI,615,,615,,
HOT,/VGOFCCP615AE:PP,615,,615,,
HOT,/VGOFCCP615RA:PP,615,,615,,
HOT,/VGOFCCP615RC:EQUI,615,,615,,
HOT,/VGOFCCP615RC:MISC,615,,615,,
HOT,/VGOFCCP615RC:PP,615,,615,,
HOT,/VGOFCCP615RC:PP_SB,615,,615,,
HOT,/VGOFCCP616AA:EQUI,616,,616,,
HOT,/VGOFCCP616AA:PP,616,,616,,
HOT,/VGOFCCP616AA:PP_SB,616,,616,,
HOT,/VGOFCCP616AB:EQUI,616,,616,,
HOT,/VGOFCCP616AB:PP,616,,616,,
HOT,/VGOFCCP616AB:PP_SB,616,,616,,
HOT,/VGOFCCP616AC:PP,616,,616,,
HOT,/VGOFCCP616AC:PP_SB,616,,616,,
HOT,/VGOFCCP616AD:PP,616,,616,,
HOT,/VGOFCCP616AD:PP_SB,616,,616,,
HOT,/VGOFCCP616AE:EQUI,616,,616,,
HOT,/VGOFCCP616AE:PP,616,,616,,
HOT,/VGOFCCP616AE:PP_SB,616,,616,,
HOT,/VGOFCCP616AS:EQUI,616,,616,,
HOT,/VGOFCCP616AT:PP,616,,616,,
HOT,/VGOFCCP616AT:PP_SB,616,,616,,
HOT,/VGOFCCP616RA:PP,616,,616,,
HOT,/VGOFCCP616RA:PP_SB,616,,616,,
HOT,/VGOFCCP616RB:PP,616,,616,,
HOT,/VGOFCCP616RB:PP_SB,616,,616,,
HOT,/VGOFCCP616RD:PP,616,,616,,
HOT,/VGOFCCP616RE:EQUI,616,,616,,
HOT,/VGOFCCP616RE:PP,616,,616,,
HOT,/VGOFCCP616RE:PP_SB,616,,616,,
HOT,/VGOFCCP616UA:PP,616,,616,,
HOT,/VGOFCCP616UB:EQUI,616,,616,,
HOT,/VGOFCCP616UB:PP,616,,616,,
HOT,/VGOFCCP620AA:EQUI,620,,620,,
HOT,/VGOFCCP620AA:PP,620,,620,,
HOT,/VGOFCCP620AA:PP_SB,620,,620,,
HOT,/VGOFCCP620AB:EQUI,620,,620,,
HOT,/VGOFCCP620AB:PP,620,,620,,
HOT,/VGOFCCP620AB:PP_SB,620,,620,,
HOT,/VGOFCCP620AC:EQUI,620,,620,,
HOT,/VGOFCCP620AC:PP,620,,620,,
HOT,/VGOFCCP620AC:PP_SB,620,,620,,
HOT,/VGOFCCP620AD:EQUI,620,,620,,
HOT,/VGOFCCP620AD:PP,620,,620,,
HOT,/VGOFCCP620AD:PP_SB,620,,620,,
HOT,/VGOFCCP620RA:EQUI,620,,620,,
HOT,/VGOFCCP620RA:PP,620,,620,,
HOT,/VGOFCCP620RA:PP_SB,620,,620,,
HOT,/VGOFCCP620RB:EQUI,620,,620,,
HOT,/VGOFCCP620RB:PP,620,,620,,
HOT,/VGOFCCP620RB:PP_SB,620,,620,,
HOT,/VGOFCCP620RC:EQUI,620,,620,,
HOT,/VGOFCCP620RC:PP,620,,620,,
HOT,/VGOFCCP620RC:PP_SB,620,,620,,
HOT,/VGOFCCP620RD:EQUI,620,,620,,
HOT,/VGOFCCP620RD:PP,620,,620,,
HOT,/VGOFCCP620RD:PP_SB,620,,620,,
HOT,/VGOFCCP620RE:EQUI,620,,620,,
HOT,/VGOFCCP620RE:PP,620,,620,,
HOT,/VGOFCCP620RE:PP_SB,620,,620,,
HOT,/VGOFCCP620RF:EQUI,620,,620,,
HOT,/VGOFCCP620RF:PP,620,,620,,
HOT,/VGOFCCP620RF:PP_SB,620,,620,,
HOT,/VGOFCCP620RG:EQUI,620,,620,,
HOT,/VGOFCCP620RG:PP,620,,620,,
HOT,/VGOFCCP620RG:PP_SB,620,,620,,
HOT,/VGOFCCP620RH:EQUI,620,,620,,
HOT,/VGOFCCP620RH:PP,620,,620,,
HOT,/VGOFCCP620RH:PP_SB,620,,620,,
HOT,/VGOFCCP620RI:EQUI,620,,620,,
HOT,/VGOFCCP620RI:PP,620,,620,,
HOT,/VGOFCCP620RI:PP_SB,620,,620,,
HOT,/VGOFCCP620UA:EQUI,620,,620,,
HOT,/VGOFCCP620UA:PP,620,,620,,
HOT,/VGOFCCP620UA:PP_SB,620,,620,,
HOT,/VGOFCCP621AA:EQUI,621,,621,,
HOT,/VGOFCCP621AA:MISC,621,,621,,
HOT,/VGOFCCP621AA:PP,621,,621,,
HOT,/VGOFCCP621AA:PP_SB,621,,621,,
HOT,/VGOFCCP621AB:EQUI,621,,621,,
HOT,/VGOFCCP621AB:MISC,621,,621,,
HOT,/VGOFCCP621AB:PP,621,,621,,
HOT,/VGOFCCP621AB:PP_SB,621,,621,,
HOT,/VGOFCCP621AD:EQUI,621,,621,,
HOT,/VGOFCCP621AD:PP,621,,621,,
HOT,/VGOFCCP621AE:PP,621,,621,,
HOT,/VGOFCCP621AE:PP_SB,621,,621,,
HOT,/VGOFCCP621AF:EQUI,621,,621,,
HOT,/VGOFCCP621AF:PP,621,,621,,
HOT,/VGOFCCP621AF:PP_SB,621,,621,,
HOT,/VGOFCCP621AG:EQUI,621,,621,,
HOT,/VGOFCCP621AG:PP,621,,621,,
HOT,/VGOFCCP621AG:PP_SB,621,,621,,
HOT,/VGOFCCP621AH:PP,621,,621,,
HOT,/VGOFCCP621AH:PP_SB,621,,621,,
HOT,/VGOFCCP621RA:PP,621,,621,,
HOT,/VGOFCCP621RA:PP_SB,621,,621,,
HOT,/VGOFCCP621RB:PP,621,,621,,
HOT,/VGOFCCP621RC:PP,621,,621,,
HOT,/VGOFCCP621RC:PP_SB,621,,621,,
HOT,/VGOFCCP621RD:PP,621,,621,,
HOT,/VGOFCCP621RD:PP_SB,621,,621,,
HOT,/VGOFCCP621RE:PP,621,,621,,
HOT,/VGOFCCP621RF:PP,621,,621,,
HOT,/VGOFCCP621RF:PP_SB,621,,621,,
HOT,/VGOFCCP621RG:PP,621,,621,,
HOT,/VGOFCCP621RG:PP_SB,621,,621,,
HOT,/VGOFCCP621RH:PP,621,,621,,
HOT,/VGOFCCP621RK:PP,621,,621,,
HOT,/VGOFCCP621UA:PP,621,,621,,
HOT,/VGOFCCP621UD:EQUI,621,,621,,
HOT,/VGOFCCP621UD:PP,621,,621,,
HOT,/VGOFCCP624AA:EQUI,624,,624,,
HOT,/VGOFCCP624AA:PP,624,,624,,
HOT,/VGOFCCP624AA:PP_SB,624,,624,,
HOT,/VGOFCCP652AA:EQUI,652,,652,,
HOT,/VGOFCCP652AA:PP,652,,652,,
HOT,/VGOFCCP652AA:PP_SB,652,,652,,
HOT,/VGOFCCP652AB:EQUI,652,,652,,
HOT,/VGOFCCP652AB:PP,652,,652,,
HOT,/VGOFCCP652AB:PP_SB,652,,652,,
HOT,/VGOFCCP652AC:EQUI,652,,652,,
HOT,/VGOFCCP652AC:PP,652,,652,,
HOT,/VGOFCCP652AC:PP_SB,652,,652,,
HOT,/VGOFCCP652AD:EQUI,652,,652,,
HOT,/VGOFCCP652AD:MISC,652,,652,,
HOT,/VGOFCCP652AD:PP,652,,652,,
HOT,/VGOFCCP652AD:PP_SB,652,,652,,
HOT,/VGOFCCP652AE:EQUI,652,,652,,
HOT,/VGOFCCP652AE:PP,652,,652,,
HOT,/VGOFCCP652AE:PP_SB,652,,652,,
HOT,/VGOFCCP652AF:EQUI,652,,652,,
HOT,/VGOFCCP652AF:PP,652,,652,,
HOT,/VGOFCCP652AF:PP_SB,652,,652,,
HOT,/VGOFCCP652RA:EQUI,652,,652,,
HOT,/VGOFCCP652RA:PP,652,,652,,
HOT,/VGOFCCP652RA:PP_SB,652,,652,,
HOT,/VGOFCCP652UA:EQUI,652,,652,,
HOT,/VGOFCCP652UA:MISC,652,,652,,
HOT,/VGOFCCP652UA:PP,652,,652,,
HOT,/VGOFCCP653AA:EQUI,653,,653,,
HOT,/VGOFCCP653AA:PP,653,,653,,
HOT,/VGOFCCP653AA:PP_SB,653,,653,,
HOT,/VGOFCCP653AB:EQUI,653,,653,,
HOT,/VGOFCCP653AB:PP,653,,653,,
HOT,/VGOFCCP653AB:PP_SB,653,,653,,
HOT,/VGOFCCP653AC:EQUI,653,,653,,
HOT,/VGOFCCP653AC:PP,653,,653,,
HOT,/VGOFCCP653AC:PP_SB,653,,653,,
HOT,/VGOFCCP653RA:EQUI,653,,653,,
HOT,/VGOFCCP653RA:PP,653,,653,,
HOT,/VGOFCCP653RA:PP_SB,653,,653,,
HOT,/VGOFCCP653UA:EQUI,653,,653,,
HOT,/VGOFCCP653UA:MISC,653,,653,,
HOT,/VGOFCCP653UA:PP,653,,653,,
HOT,/VGOFCCP653UA:PP_SB,653,,653,,
HOT,/VGOFCCP654AA:EQUI,654,,654,,
HOT,/VGOFCCP654AA:MISC,654,,654,,
HOT,/VGOFCCP654AA:PP,654,,654,,
HOT,/VGOFCCP654AA:PP_SB,654,,654,,
HOT,/VGOFCCP654AB:EQUI,654,,654,,
HOT,/VGOFCCP654AB:MISC,654,,654,,
HOT,/VGOFCCP654AB:PP,654,,654,,
HOT,/VGOFCCP654AB:PP_SB,654,,654,,
HOT,/VGOFCCP654RA:EQUI,654,,654,,
HOT,/VGOFCCP654RA:PP,654,,654,,
HOT,/VGOFCCP654RA:PP_SB,654,,654,,
HOT,/VGOFCCP654UA:EQUI,654,,654,,
HOT,/VGOFCCP654UA:MISC,654,,654,,
HOT,/VGOFCCP654UA:PP,654,,654,,
HOT,/VGOFCCP654UA:PP_SB,654,,654,,
HOT,/VGOFCCP655AA:EQUI,655,,655,,
HOT,/VGOFCCP655AA:PP,655,,655,,
HOT,/VGOFCCP655AA:PP_SB,655,,655,,
HOT,/VGOFCCP655AB:EQUI,655,,655,,
HOT,/VGOFCCP655AB:PP,655,,655,,
HOT,/VGOFCCP655AB:PP_SB,655,,655,,
HOT,/VGOFCCP655AC:EQUI,655,,655,,
HOT,/VGOFCCP655AC:PP,655,,655,,
HOT,/VGOFCCP655AC:PP_SB,655,,655,,
HOT,/VGOFCCP655RA:EQUI,655,,655,,
HOT,/VGOFCCP655RA:MISC,655,,655,,
HOT,/VGOFCCP655RA:PP,655,,655,,
HOT,/VGOFCCP655RA:PP_SB,655,,655,,
HOT,/VGOFCCP655RB:EQUI,655,,655,,
HOT,/VGOFCCP655RB:PP,655,,655,,
HOT,/VGOFCCP655RB:PP_SB,655,,655,,
HOT,/VGOFCCP655UA:EQUI,655,,655,,
HOT,/VGOFCCP655UA:MISC,655,,655,,
HOT,/VGOFCCP655UA:PP,655,,655,,
HOT,/VGOFCCP656AA:EQUI,656,,656,,
HOT,/VGOFCCP656AA:PP,656,,656,,
HOT,/VGOFCCP656AA:PP_SB,656,,656,,
HOT,/VGOFCCP656AB:EQUI,656,,656,,
HOT,/VGOFCCP656AB:PP,656,,656,,
HOT,/VGOFCCP656AB:PP_SB,656,,656,,
HOT,/VGOFCCP656AC:EQUI,656,,656,,
HOT,/VGOFCCP656AC:PP,656,,656,,
HOT,/VGOFCCP656AC:PP_SB,656,,656,,
HOT,/VGOFCCP656AD:EQUI,656,,656,,
HOT,/VGOFCCP656AD:PP,656,,656,,
HOT,/VGOFCCP656AD:PP_SB,656,,656,,
HOT,/VGOFCCP656RA:EQUI,656,,656,,
HOT,/VGOFCCP656RA:PP,656,,656,,
HOT,/VGOFCCP656RA:PP_SB,656,,656,,
HOT,/VGOFCCP656RB:EQUI,656,,656,,
HOT,/VGOFCCP656RB:PP,656,,656,,
HOT,/VGOFCCP656RB:PP_SB,656,,656,,
HOT,/VGOFCCP656UA:EQUI,656,,656,,
HOT,/VGOFCCP656UA:PP,656,,656,,
HOT,/VGOFCCS520AA:STRU,520,,520,,
HOT,/VGOFCCS656AA:STRU,656,,656,,
HOT,/VGOFCCS656RA:STRU,656,,656,,
KTI,/PIPE:EXIT,76,,76,76,
KTI,/PIPING,76,,76,76,
